dk_name,suggested_nfl_name,similarity,dk_id
Ja'Marr Chase,J.Chase,0.6666666666666666,39506085
Bijan Robinson,A.Robinson,0.782608695652174,39505777
Bijan Robinson,B.Robinson,0.782608695652174,39505777
Bijan Robinson,D.Robinson,0.6956521739130435,39505777
Jahmyr Gibbs,J.Gibbs,0.6666666666666666,39505779
Puka Nacua,P.Nacua,0.75,39506087
Christian McCaffrey,C.McCaffrey,0.6896551724137931,39505781
Christian McCaffrey,L.McCaffrey,0.6206896551724138,39505781
Bucky Irving,B.Irving,0.7368421052631579,39505783
Amon-Ra St. Brown,A.St. Brown,0.75,39506091
Jayden Daniels,J.Daniels,0.7272727272727273,39505688
Malik Nabers,M.Nabers,0.7368421052631579,39506093
Malik Nabers,M.Sanders,0.6,39506093
De'Von Achane,D.Achane,0.7368421052631579,39505787
Jonathan Taylor,T.Taylor,0.6363636363636364,39505789
Jonathan Taylor,J.Taylor,0.6363636363636364,39505789
Brian Thomas Jr.,I.Thomas,0.7368421052631579,39506095
Brian Thomas Jr.,B.Thomas,0.7368421052631579,39506095
Brian Thomas Jr.,T.Thomas,0.631578947368421,39506095
Tyreek Hill,T.Hill,0.625,39506097
Josh Jacobs,J.Jacobs,0.7777777777777778,39505791
Baker Mayfield,B.Mayfield,0.782608695652174,39505690
Mike Evans,M.Evans,0.75,39506099
Mike Evans,D.Evans,0.625,39506099
Mike Evans,B.Means,0.625,39506099
Brock Bowers,B.Bowers,0.7368421052631579,39506677
Drake London,D.London,0.7368421052631579,39506101
Jared Goff,J.Goff,0.6666666666666666,39505691
Kyren Williams,K.Williams,0.782608695652174,39505795
Kyren Williams,M.Williams,0.6956521739130435,39505795
Kyren Williams,J.Williams,0.6956521739130435,39505795
Breece Hall,B.Hall,0.625,39505797
Kyler Murray,K.Murray,0.7368421052631579,39505692
Garrett Wilson,R.Wilson,0.6666666666666666,39506105
Garrett Wilson,G.Wilson,0.6666666666666666,39506105
Garrett Wilson,E.Wilson,0.6666666666666666,39506105
Alvin Kamara,A.Kamara,0.7368421052631579,39505799
Terry McLaurin,T.McLaurin,0.782608695652174,39506107
Brock Purdy,B.Purdy,0.7058823529411765,39505694
James Conner,J.Conner,0.7368421052631579,39505803
James Conner,T.Conner,0.631578947368421,39505803
James Conner,J.Haener,0.631578947368421,39505803
Jordan Love,B.Jordan,0.6666666666666666,39505695
Jordan Love,J.Love,0.625,39505695
Davante Adams,D.Adams,0.631578947368421,39506109
Chuba Hubbard,C.Hubbard,0.7619047619047619,39505805
Chuba Hubbard,S.Hubbard,0.6666666666666666,39505805
Courtland Sutton,C.Sutton,0.6086956521739131,39506111
Kenneth Walker III,K.Walker,0.6666666666666666,39505807
Matthew Stafford,M.Stafford,0.72,39505697
Matthew Stafford,J.Matthews,0.64,39505697
Brian Robinson Jr.,A.Robinson,0.782608695652174,39505809
Brian Robinson Jr.,B.Robinson,0.782608695652174,39505809
Brian Robinson Jr.,D.Martin-Robinson,0.7586206896551724,39505809
George Kittle,G.Kittle,0.7,39506681
Jaylen Waddle,J.Waddle,0.7,39506117
Bryce Young,B.Young,0.7058823529411765,39505699
Michael Penix Jr.,M.Penix,0.631578947368421,39505700
Chris Godwin,C.Godwin,0.7368421052631579,39506119
Chris Godwin,C.Goodwin,0.7,39506119
Tyrone Tracy Jr.,T.Tracy,0.6666666666666666,39505817
Jerome Ford,J.Ford,0.625,39505819
Drake Maye,D.Maye,0.6666666666666666,39505701
Drake Maye,B.Tremayne,0.631578947368421,39505701
Marvin Harrison Jr.,M.Harrison,0.75,39506121
Marvin Harrison Jr.,A.Richardson,0.6923076923076923,39506121
Marvin Harrison Jr.,D.Martin-Robinson,0.6666666666666666,39506121
Jameson Williams,M.Williams,0.72,39506123
Jameson Williams,J.Williams,0.72,39506123
Jameson Williams,K.Williams,0.64,39506123
Rhamondre Stevenson,R.Stevenson,0.6896551724137931,39505825
Justin Fields,J.Fields,0.7,39505702
Travis Etienne Jr.,T.Etienne,0.7272727272727273,39505827
Jerry Jeudy,J.Jeudy,0.7058823529411765,39506125
Jayden Reed,J.Reed,0.625,39506127
Stefon Diggs,S.Diggs,0.6666666666666666,39506131
Kaleb Johnson,B.Johnson,0.7619047619047619,39505831
Kaleb Johnson,K.Johnson,0.7619047619047619,39505831
Kaleb Johnson,J.Johnson,0.6666666666666666,39505831
Trevor Lawrence,T.Lawrence,0.75,39505704
Isaac Guerendo,I.Guerendo,0.782608695652174,39505829
Cooper Kupp,A.Cooper,0.6666666666666666,39506129
Cooper Kupp,C.Kupp,0.625,39506129
Geno Smith,G.Smith,0.75,39505706
Geno Smith,J.Smith,0.625,39505706
Geno Smith,I.Smith,0.625,39505706
Aaron Rodgers,A.Rodgers,0.7619047619047619,39505705
Aaron Rodgers,A.Barner,0.6,39505705
Jaylen Warren,J.Warren,0.7,39505833
Deebo Samuel Sr.,D.Samuel,0.7368421052631579,39506133
Deebo Samuel Sr.,C.Samuel,0.631578947368421,39506133
Tetairoa McMillan,J.McMillan,0.6153846153846154,39506135
Nick Chubb,N.Chubb,0.75,39505835
Jakobi Meyers,J.Meyers,0.7,39506137
Rachaad White,C.White,0.631578947368421,39505839
Rachaad White,R.White,0.631578947368421,39505839
Anthony Richardson Sr.,A.Richardson,0.7586206896551724,39505707
Daniel Jones,J.Daniels,0.7,39505708
Daniel Jones,A.Jones,0.6666666666666666,39505708
Daniel Jones,D.Jones,0.6666666666666666,39505708
Chris Olave,C.Olave,0.7058823529411765,39506139
Raheem Mostert,R.Mostert,0.7272727272727273,39505847
Tyler Allgeier,T.Allgeier,0.782608695652174,39505849
Darnell Mooney,D.Mooney,0.6666666666666666,39506143
Russell Wilson,R.Wilson,0.6666666666666666,39505709
Russell Wilson,E.Wilson,0.6666666666666666,39505709
Russell Wilson,J.Russell,0.6363636363636364,39505709
Rico Dowdle,R.Dowdle,0.7777777777777778,39505845
Cameron Ward,C.Heyward,0.6,39505710
Calvin Ridley,C.Ridley,0.7,39506141
Braelon Allen,B.Allen,0.631578947368421,39505853
Jaylen Wright,J.Wright,0.7,39505857
Jaylen Wright,B.Wright,0.6,39505857
Michael Pittman Jr.,M.Pittman,0.6956521739130435,39506149
Kenny Pickett,K.Pickett,0.7619047619047619,39505712
Shedeur Sanders,M.Sanders,0.6086956521739131,39505714
Shedeur Sanders,J.Sanders,0.6086956521739131,39505714
Jauan Jennings,J.Jennings,0.782608695652174,39506147
Jauan Jennings,T.Jennings,0.6956521739130435,39506147
Matthew Golden,A.Thielen,0.6363636363636364,39506151
Matthew Golden,J.Matthews,0.6086956521739131,39506151
Spencer Rattler,S.Rattler,0.6956521739130435,39505715
Jake Haener,J.Haener,0.7777777777777778,39505717
Austin Ekeler,A.Ekeler,0.7,39505859
Austin Ekeler,K.Austin,0.6,39505859
Austin Ekeler,C.Austin,0.6,39505859
Jaleel McLaughlin,J.McLaughlin,0.7857142857142857,39505861
Brandon Aiyuk,B.Aiyuk,0.631578947368421,39506155
Jayden Higgins,E.Higgins,0.7272727272727273,39506153
Jayden Higgins,T.Higgins,0.6363636363636364,39506153
Andy Dalton,A.Dalton,0.7777777777777778,39505718
David Njoku,D.Njoku,0.7058823529411765,39506685
David Njoku,Z.Davidson,0.6,39506685
Tyjae Spears,T.Spears,0.7368421052631579,39505865
MarShawn Lloyd,T.Marshall,0.6956521739130435,39505869
MarShawn Lloyd,M.Lloyd,0.6,39505869
Dameon Pierce,D.Pierce,0.7,39505867
Dameon Pierce,A.Pierce,0.7,39505867
Josh Downs,J.Downs,0.75,39506161
Josh Downs,J.Owens,0.625,39506161
Trey Benson,T.Benson,0.7777777777777778,39505873
Trey Benson,R.Stevenson,0.6666666666666666,39505873
Trey Benson,A.Robinson,0.6,39505873
Rashid Shaheed,R.Shaheed,0.7272727272727273,39506163
Tank Bigsby,T.Bigsby,0.7777777777777778,39505871
Zack Moss,Z.Moss,0.7142857142857143,39505877
Malik Willis,M.Willis,0.7368421052631579,39505719
Malik Willis,M.Williams,0.6666666666666666,39505719
Malik Willis,K.Williams,0.6666666666666666,39505719
Joshua Dobbs,J.Dobbs,0.6666666666666666,39505726
Joshua Dobbs,J.Dobbins,0.6,39505726
Antonio Gibson,A.Gibson,0.6666666666666666,39505879
Jameis Winston,J.Winston,0.7272727272727273,39505721
Marcus Mariota,M.Mariota,0.7272727272727273,39505724
Wan'Dale Robinson,A.Robinson,0.72,39506167
Wan'Dale Robinson,D.Robinson,0.72,39506167
Wan'Dale Robinson,W.Robinson,0.72,39506167
Trevor Etienne,T.Etienne,0.7272727272727273,39505885
Marvin Mims Jr.,M.Mims,0.625,39506169
Evan Engram,E.Engram,0.7777777777777778,39506687
Ricky Pearsall,R.Pearsall,0.782608695652174,39506171
Hendon Hooker,H.Hooker,0.7,39505722
Hendon Hooker,D.Holker,0.6,39505722
Davis Mills,D.Mills,0.7058823529411765,39505723
Blake Corum,B.Corum,0.7058823529411765,39505881
Tyrod Taylor,T.Taylor,0.7368421052631579,39505728
Tyrod Taylor,P.Taylor,0.631578947368421,39505728
Tyrod Taylor,J.Taylor,0.631578947368421,39505728
Calvin Austin III,C.Austin,0.7,39506177
Calvin Austin III,K.Austin,0.6,39506177
Alexander Mattison,A.Mattison,0.6666666666666666,39505887
Alec Pierce,A.Pierce,0.7777777777777778,39506175
Alec Pierce,D.Pierce,0.6666666666666666,39506175
Alec Pierce,T.Allgeier,0.6,39506175
Tyler Warren,J.Warren,0.631578947368421,39506689
Jacoby Brissett,J.Brissett,0.75,39505727
Pierre Strong Jr.,P.Strong,0.7,39505889
Pierre Strong Jr.,J.Pierre,0.6,39505889
Cedric Tillman,C.Tillman,0.7272727272727273,39506173
Kenny McIntosh,K.McIntosh,0.782608695652174,39505891
Kyle Pitts Sr.,K.Pitts,0.75,39506691
Zach Wilson,C.Wilson,0.7777777777777778,39505735
Zach Wilson,R.Wilson,0.6666666666666666,39505735
Zach Wilson,J.Wilson,0.6666666666666666,39505735
Khalil Herbert,K.Herbert,0.7272727272727273,39505897
Khalil Herbert,J.Herbert,0.6363636363636364,39505897
Kendre Miller,K.Miller,0.7,39505895
Kendre Miller,R.Miller,0.7,39505895
Kendre Miller,A.Miller,0.6,39505895
Dyami Brown,M.Brown,0.7058823529411765,39506181
Dyami Brown,A.Brown,0.7058823529411765,39506181
Dyami Brown,D.Brown,0.7058823529411765,39506181
Jarrett Stidham,J.Stidham,0.6956521739130435,39505732
Jarrett Stidham,R.Jarrett,0.6086956521739131,39505732
Audric Estime,A.Estime,0.7,39505899
Drew Lock,D.Lock,0.7142857142857143,39505731
Jordan James,B.Jordan,0.631578947368421,39505903
Jordan James,J.Daniels,0.6,39505903
Romeo Doubs,R.Doubs,0.7058823529411765,39506179
Aidan O'Connell,A.O'Connell,0.782608695652174,39505736
DeMario Douglas,D.Douglas,0.6956521739130435,39506189
Mason Rudolph,M.Rudolph,0.7619047619047619,39505738
Kenneth Gainwell,K.Gainwell,0.72,39505907
Jonnu Smith,J.Smith,0.7058823529411765,39506693
Ollie Gordon II,C.Collier,0.6,39505909
Michael Wilson,C.Wilson,0.6666666666666666,39506187
Michael Wilson,M.Wilson,0.6666666666666666,39506187
Michael Wilson,E.Wilson,0.6666666666666666,39506187
Xavier Legette,X.Legette,0.7272727272727273,39506185
Emanuel Wilson,M.Wilson,0.6666666666666666,39505905
Emanuel Wilson,E.Wilson,0.6666666666666666,39505905
Cordarrelle Patterson,C.Patterson,0.6451612903225806,39505913
Kyle Trask,K.Trask,0.75,39505740
Jalen McMillan,J.McMillan,0.782608695652174,39506191
Riley Leonard,R.Miller,0.6,39505739
Michael Carter,M.Carter,0.6666666666666666,39505911
Brandin Cooks,B.Cooks,0.631578947368421,39506193
Brandin Cooks,J.Brooks,0.6,39506193
Brandin Cooks,C.Brooks,0.6,39506193
Zach Ertz,Z.Ertz,0.7142857142857143,39506695
Zach Ertz,C.Manhertz,0.6666666666666666,39506695
Samaje Perine,S.Perine,0.7,39505915
Trayveon Williams,M.Williams,0.6153846153846154,39505923
Trayveon Williams,J.Williams,0.6153846153846154,39505923
Trayveon Williams,K.Williams,0.6153846153846154,39505923
Lan Larison,A.Robinson,0.6,39506065
Lan Larison,A.Mattison,0.6,39506065
Lan Larison,M.Harrison,0.6,39506065
Terrell Jennings,T.Jennings,0.72,39506067
Terrell Jennings,J.Jennings,0.64,39506067
Sincere McCormick,S.McCormick,0.7407407407407407,39506071
Zamir White,M.White,0.7058823529411765,39506073
Zamir White,R.White,0.7058823529411765,39506073
Zamir White,Z.White,0.7058823529411765,39506073
Dylan Laube,D.Laube,0.7058823529411765,39506075
Chris Collier,C.Collier,0.7619047619047619,39506077
Chris Collier,R.Miller,0.6,39506077
Skylar Thompson,S.Thompson,0.75,39505771
Brady Cook,D.Cook,0.6666666666666666,39505773
Brady Cook,B.Cooks,0.625,39505773
Isaiah Davis,A.Davis,0.6666666666666666,39505927
Isaiah Davis,I.Davis,0.6666666666666666,39505927
Trey Sermon,T.Sermon,0.7777777777777778,39506051
Evan Hull,E.All,0.6153846153846154,39506053
Max Hurleman,M.Hardman,0.6,39506055
Zach Evans,O.Zaccheaus,0.7,39506059
Zach Evans,M.Evans,0.625,39506059
Zach Evans,D.Evans,0.625,39506059
Donovan Edwards,G.Edwards,0.6086956521739131,39506061
Andrew Beck,M.Andrews,0.631578947368421,39506063
Andrew Beck,A.Beck,0.625,39506063
Emory Jones,M.Jones,0.7058823529411765,39505769
Sean Tucker,S.Tucker,0.7777777777777778,39506037
Sean Tucker,T.Tucker,0.6666666666666666,39506037
Sean Tucker,J.Shenker,0.631578947368421,39506037
Carlos Washington Jr.,C.Washington,0.7857142857142857,39506043
Carlos Washington Jr.,D.Washington,0.7142857142857143,39506043
Carlos Washington Jr.,P.Washington,0.7142857142857143,39506043
Elijah Dotson,J.Dotson,0.7,39506045
Elijah Dotson,J.Watson,0.6,39506045
Nathan Carter,D.Carter,0.6,39506049
Nathan Carter,M.Carter,0.6,39506049
Jason Bean,J.Mason,0.625,39505765
Alec Ingold,A.Ingold,0.7777777777777778,39506029
Tyler Goodson,T.Goodson,0.7619047619047619,39506031
Clayton Tune,D.Slayton,0.6,39505762
DeeJay Dallas,D.Dallas,0.7,39506017
Velus Jones Jr.,V.Jones,0.7058823529411765,39506023
Tommy DeVito,T.DeVito,0.7368421052631579,39505742
Sam Hartman,M.Hardman,0.7368421052631579,39505761
Sam Hartman,A.Trautman,0.6,39505761
Jeremy McNichols,J.McNichols,0.7692307692307693,39506003
Jeremy McNichols,J.Reynolds,0.64,39506003
Eric Gray,E.Gray,0.7142857142857143,39506009
Eric Gray,C.Grandy,0.625,39506009
Dante Miller,A.Miller,0.7368421052631579,39506011
Dante Miller,S.Miller,0.631578947368421,39506011
Dante Miller,K.Miller,0.631578947368421,39506011
Kazmeir Allen,K.Allen,0.631578947368421,39506081
Kazmeir Allen,A.Miller,0.6,39506081
Kazmeir Allen,K.Miller,0.6,39506081
Darius Slayton,D.Slayton,0.7272727272727273,39506199
Jack Plummer,J.Palmer,0.631578947368421,39505759
Raheem Blackshear,R.Blackshear,0.7857142857142857,39505921
Ja'Quinden Jackson,J.Jackson,0.64,39505993
Emani Bailey,J.Bailey,0.631578947368421,39505995
Jonathon Brooks,J.Brooks,0.6363636363636364,39505999
Deshaun Watson,D.Watson,0.6666666666666666,39505755
Desmond Ridder,D.Ridder,0.6666666666666666,39505776
Desmond Ridder,D.Eskridge,0.6086956521739131,39505776
Ahmani Marshall,T.Marshall,0.6666666666666666,39505979
Tahj Brooks,J.Brooks,0.7777777777777778,39505983
Tahj Brooks,C.Brooks,0.6666666666666666,39505983
Tahj Brooks,B.Brooks,0.6666666666666666,39505983
Quali Conley,C.Conley,0.631578947368421,39505989
Will Levis,W.Levis,0.75,39505741
Will Levis,M.Willis,0.7058823529411765,39505741
Will Levis,B.Willis,0.7058823529411765,39505741
Brandon Allen,B.Allen,0.631578947368421,39505743
Brandon Allen,D.Allen,0.631578947368421,39505743
Sam Ehlinger,D.Bellinger,0.6363636363636364,39505754
Jermar Jefferson,J.Jefferson,0.7692307692307693,39505917
Jermar Jefferson,V.Jefferson,0.6923076923076923,39505917
Julius Chestnut,J.Chestnut,0.75,39505967
Jordan Mims,B.Jordan,0.6666666666666666,39505971
Jordan Mims,J.Daniels,0.631578947368421,39505971
Jordan Mims,J.Mims,0.625,39505971
Tyler Badie,T.Badie,0.7058823529411765,39505973
Blake Watson,B.Watson,0.7368421052631579,39505975
Blake Watson,D.Watson,0.631578947368421,39505975
Blake Watson,J.Watson,0.631578947368421,39505975
Michael Burton,M.Burton,0.6666666666666666,39505977
Tyler Lockett,T.Lockett,0.7619047619047619,39506201
Patrick Taylor Jr.,T.Taylor,0.6666666666666666,39505919
Patrick Taylor Jr.,P.Taylor,0.6666666666666666,39505919
Patrick Taylor Jr.,T.Patrick,0.6363636363636364,39505919
George Holani,G.Holani,0.7,39505957
Jacardia Wright,J.Wright,0.6363636363636364,39505959
Corey Kiner,C.Woerner,0.631578947368421,39505963
Brady Russell,J.Russell,0.6666666666666666,39506083
Sean Clifford,M.Stafford,0.6363636363636364,39505748
Sean Clifford,B.Spann-Ford,0.6086956521739131,39505748
Kyle Allen,K.Allen,0.75,39505750
Kyle Allen,B.Allen,0.625,39505750
Kyle Allen,J.Allen,0.625,39505750
Chris Brooks,C.Brooks,0.7368421052631579,39505925
Chris Brooks,J.Brooks,0.631578947368421,39505925
Chris Brooks,B.Brooks,0.631578947368421,39505925
Craig Reynolds,C.Reynolds,0.782608695652174,39505947
Craig Reynolds,J.Reynolds,0.6956521739130435,39505947
Sione Vaki,S.Vaki,0.6666666666666666,39505949
Christian Watson,C.Watson,0.6086956521739131,39506197
Tucker Kraft,T.Kraft,0.6666666666666666,39506697
Tucker Kraft,T.Tucker,0.631578947368421,39506697
Tucker Kraft,S.Tucker,0.631578947368421,39506697
Stetson Bennett IV,T.Etienne,0.6086956521739131,39505744
Ronnie Rivers,R.Rivers,0.7,39505929
Jordan Waters,B.Jordan,0.6,39505933
British Brooks,B.Brooks,0.6666666666666666,39505939
Jawhar Jordan,B.Jordan,0.6,39505941
Jawhar Jordan,J.Warren,0.6,39505941
Hunter Henry,H.Henry,0.6666666666666666,39506699
Hunter Henry,T.Huntley,0.6,39506699
Allen Lazard,A.Lazard,0.7368421052631579,39506205
Diontae Johnson,D.Johnson,0.6956521739130435,39506209
Diontae Johnson,T.Johnson,0.6956521739130435,39506209
Diontae Johnson,J.Johnson,0.6086956521739131,39506209
Devaughn Vele,D.Vaughn,0.7,39506207
Devaughn Vele,K.Vaughn,0.6,39506207
Demarcus Robinson,D.Martin-Robinson,0.75,39506203
Demarcus Robinson,A.Robinson,0.6923076923076923,39506203
Demarcus Robinson,D.Robinson,0.6923076923076923,39506203
Kayshon Boutte,K.Boutte,0.6666666666666666,39506211
Cade Otton,C.Otton,0.75,39506701
Cade Otton,C.Patterson,0.6,39506701
Parker Washington,P.Washington,0.7857142857142857,39506213
Parker Washington,D.Washington,0.7142857142857143,39506213
Parker Washington,C.Washington,0.7142857142857143,39506213
Broncos ,J.Brooks,0.7142857142857143,39506991
Broncos ,C.Brooks,0.7142857142857143,39506991
Broncos ,B.Brooks,0.7142857142857143,39506991
Ray-Ray McCloud III,R.McCloud,0.7272727272727273,39506221
Taysom Hill,T.Hill,0.625,39506703
Taysom Hill,T.Marshall,0.6,39506703
Commanders ,M.Sanders,0.7777777777777778,39506992
Commanders ,M.Andrews,0.6666666666666666,39506992
Commanders ,J.Sanders,0.6666666666666666,39506992
Jalen Coker,J.Coker,0.7058823529411765,39506219
Jalen Coker,J.Haener,0.6666666666666666,39506219
Jalen Coker,J.Shenker,0.631578947368421,39506219
Andrei Iosivas,A.Iosivas,0.7272727272727273,39506223
Dont'e Thornton Jr.,T.Thornton,0.782608695652174,39506233
Bengals ,B.Means,0.6153846153846154,39506993
Tutu Atwell,T.Atwell,0.7777777777777778,39506229
Darren Waller,D.Walker,0.6,39506709
Greg Dortch,G.Dortch,0.7777777777777778,39506237
Cardinals ,C.Parkinson,0.631578947368421,39506994
Cardinals ,N.Adkins,0.625,39506994
Jacob Cowing,J.Cowing,0.7368421052631579,39506241
Jacob Cowing,J.Browning,0.6666666666666666,39506241
Jacob Cowing,C.Goodwin,0.6,39506241
Dalton Schultz,D.Schultz,0.7272727272727273,39506707
Robert Woods,R.Woods,0.6666666666666666,39506249
Adonai Mitchell,A.Mitchell,0.75,39506251
Adonai Mitchell,K.Mitchell,0.6666666666666666,39506251
Pat Bryant,H.Bryant,0.7058823529411765,39506253
Pat Bryant,A.St. Brown,0.631578947368421,39506253
Tyler Higbee,T.Higbee,0.7368421052631579,39506711
Rams ,D.Adams,0.6,39506995
Rams ,K.Trask,0.6,39506995
Rams ,R.Davis,0.6,39506995
Kendrick Bourne,K.Bourne,0.6363636363636364,39506255
Juwan Johnson,J.Johnson,0.7619047619047619,39506717
Juwan Johnson,D.Johnson,0.6666666666666666,39506717
Juwan Johnson,T.Johnson,0.6666666666666666,39506717
Brenton Strange,B.Strange,0.6956521739130435,39506715
Jordan Watkins,J.Akins,0.6,39506259
Savion Williams,I.Williams,0.75,39506257
Savion Williams,M.Williams,0.6666666666666666,39506257
Savion Williams,J.Williams,0.6666666666666666,39506257
KhaDarel Hodge,K.Hodge,0.6,39506279
Michael Gallup,K.Mitchell,0.6086956521739131,39506277
Michael Gallup,A.Mitchell,0.6086956521739131,39506277
Jaguars ,J.Deguara,0.6666666666666666,39506997
Jaguars ,J.Hurts,0.6153846153846154,39506997
Treylon Burks,T.Burks,0.631578947368421,39506273
Kalif Raymond,K.Raymond,0.7619047619047619,39506271
Tank Dell,T.Dell,0.7142857142857143,39506269
Tank Dell,T.Atwell,0.625,39506269
Terrance Ferguson,J.Ferguson,0.6153846153846154,39506721
Patriots ,M.Mariota,0.625,39506998
Patriots ,T.Patrick,0.625,39506998
Mason Taylor,T.Taylor,0.631578947368421,39506725
Mason Taylor,P.Taylor,0.631578947368421,39506725
Mason Taylor,J.Taylor,0.631578947368421,39506725
Sterling Shepard,S.Shepard,0.6666666666666666,39506285
Noah Brown,N.Brown,0.75,39506295
Noah Brown,A.Brown,0.75,39506295
Noah Brown,A.St. Brown,0.7368421052631579,39506295
Jermaine Burton,M.Burton,0.6363636363636364,39506293
Jermaine Burton,J.Burton,0.6363636363636364,39506293
Harold Fannin Jr.,G.Holani,0.6,39506723
Seth Williams,M.Williams,0.7272727272727273,39506311
Seth Williams,J.Williams,0.7272727272727273,39506311
Seth Williams,K.Williams,0.7272727272727273,39506311
Ja'Lynn Polk,J.Polk,0.625,39506653
Javon Baker,J.Baker,0.7058823529411765,39506655
John Jiles,A.Jones,0.625,39506659
John Jiles,Z.Jones,0.625,39506659
John Jiles,D.Jones,0.625,39506659
Collin Johnson,C.Johnson,0.7272727272727273,39506669
Collin Johnson,J.Johnson,0.6363636363636364,39506669
Collin Johnson,D.Johnson,0.6363636363636364,39506669
Ketron Jackson Jr.,L.Jackson,0.6363636363636364,39506675
Ketron Jackson Jr.,J.Jackson,0.6363636363636364,39506675
Michael Mayer,M.Mayer,0.631578947368421,39506727
Roman Wilson,R.Wilson,0.7368421052631579,39506617
Roman Wilson,M.Wilson,0.7368421052631579,39506617
Roman Wilson,J.Wilson,0.631578947368421,39506617
Scotty Miller,S.Miller,0.7,39506619
Scotty Miller,A.Miller,0.6,39506619
Scotty Miller,K.Miller,0.6,39506619
Brandon Johnson,D.Johnson,0.6956521739130435,39506623
Brandon Johnson,B.Johnson,0.6956521739130435,39506623
Brandon Johnson,R.Johnson,0.6956521739130435,39506623
Roc Taylor,T.Taylor,0.7058823529411765,39506627
Roc Taylor,P.Taylor,0.7058823529411765,39506627
Roc Taylor,J.Taylor,0.7058823529411765,39506627
Ke'Shawn Williams,K.Williams,0.72,39506629
Ke'Shawn Williams,M.Williams,0.64,39506629
Ke'Shawn Williams,J.Williams,0.64,39506629
Malachi Corley,M.Corley,0.6666666666666666,39506633
Arian Smith,I.Smith,0.7058823529411765,39506635
Arian Smith,A.Smith,0.7058823529411765,39506635
Tyler Johnson,T.Johnson,0.7619047619047619,39506637
Tyler Johnson,R.Johnson,0.7619047619047619,39506637
Tyler Johnson,J.Johnson,0.6666666666666666,39506637
Xavier Gipson,X.Gipson,0.7,39506639
Xavier Gipson,A.Gibson,0.6,39506639
Irvin Charles,I.Charles,0.7619047619047619,39506641
Brandon Smith,D.Smith,0.631578947368421,39506643
Brandon Smith,A.Smith,0.631578947368421,39506643
Ontaria Wilson,R.Wilson,0.6666666666666666,39506645
Dymere Miller,R.Miller,0.7,39506647
Dymere Miller,A.Miller,0.6,39506647
Dymere Miller,S.Miller,0.6,39506647
Trey Palmer,T.Palmer,0.7777777777777778,39506585
Trey Palmer,J.Palmer,0.6666666666666666,39506585
Ryan Miller,A.Miller,0.7777777777777778,39506589
Ryan Miller,R.Miller,0.7777777777777778,39506589
Ryan Miller,S.Miller,0.6666666666666666,39506589
Rakim Jarrett,R.Jarrett,0.7619047619047619,39506591
Kameron Johnson,R.Johnson,0.6956521739130435,39506593
Kameron Johnson,K.Johnson,0.6956521739130435,39506593
Kameron Johnson,J.Johnson,0.6086956521739131,39506593
Chris Blair,C.Blair,0.7058823529411765,39506603
Jesse Matthews,J.Matthews,0.782608695652174,39506607
David Sills V,Z.Davidson,0.6,39506609
Buccaneers ,B.Anger,0.625,39506999
Buccaneers ,C.Akers,0.625,39506999
Tahj Washington,D.Washington,0.7692307692307693,39506555
Tahj Washington,P.Washington,0.7692307692307693,39506555
Tahj Washington,C.Washington,0.7692307692307693,39506555
Tarik Black,T.Patrick,0.631578947368421,39506557
A.J. Henning,J.Jennings,0.7368421052631579,39506565
A.J. Henning,T.Jennings,0.7368421052631579,39506565
Ashton Dulin,A.Dulin,0.6666666666666666,39506567
Ashton Dulin,T.Conklin,0.6,39506567
Anthony Gould,A.Gould,0.631578947368421,39506569
Anthony Gould,A.Ingold,0.6,39506569
Blayne Taylor,T.Taylor,0.6,39506577
Blayne Taylor,P.Taylor,0.6,39506577
Blayne Taylor,J.Taylor,0.6,39506577
Coleman Owen,K.Coleman,0.7,39506581
Cedrick Wilson Jr.,R.Wilson,0.6666666666666666,39506323
Cedrick Wilson Jr.,C.Wilson,0.6666666666666666,39506323
Cedrick Wilson Jr.,E.Wilson,0.6666666666666666,39506323
Kevin Austin Jr.,K.Austin,0.7368421052631579,39506325
Kevin Austin Jr.,C.Austin,0.631578947368421,39506325
Simi Fehoko,S.Fehoko,0.7777777777777778,39506529
Xavier Weaver,X.Weaver,0.7,39506531
Tejhaun Palmer,J.Palmer,0.6666666666666666,39506535
Tejhaun Palmer,T.Palmer,0.6666666666666666,39506535
Tejhaun Palmer,T.Chandler,0.6086956521739131,39506535
Trishton Jackson,T.Hockenson,0.6153846153846154,39506539
Dante Pettis,D.Pettis,0.7368421052631579,39506543
Dante Pettis,D.Pettus,0.631578947368421,39506543
Mason Tipton,M.Tipton,0.7368421052631579,39506545
Mason Tipton,M.Washington,0.6086956521739131,39506545
Chris Moore,S.Moore,0.7058823529411765,39506499
Ja'Corey Brooks,J.Brooks,0.6666666666666666,39506503
Ja'Corey Brooks,C.Brooks,0.6666666666666666,39506503
Jacoby Jones,A.Jones,0.6666666666666666,39506505
Jacoby Jones,C.Jones,0.6666666666666666,39506505
Jacoby Jones,J.Jacobs,0.631578947368421,39506505
Jalin Hyatt,J.Hyatt,0.7058823529411765,39506507
Lil'Jordan Humphrey,L.Humphrey,0.6666666666666666,39506509
Montrell Washington,M.Washington,0.7333333333333333,39506517
Montrell Washington,D.Washington,0.6666666666666666,39506517
Montrell Washington,P.Washington,0.6666666666666666,39506517
Da'Quan Felton,A.Dalton,0.6,39506519
Da'Quan Felton,D.Belton,0.6,39506519
Beaux Collins,N.Collins,0.6666666666666666,39506521
Jordan Bly,B.Jordan,0.7058823529411765,39506525
David Moore,D.Moore,0.7058823529411765,39506315
David Moore,Z.Davidson,0.6,39506315
Austin Trammell,A.Trammell,0.75,39506467
Trenton Irwin,T.Irwin,0.631578947368421,39506469
Chandler Brayboy,T.Chandler,0.64,39506473
J.J. Jones,A.Jones,0.7142857142857143,39506483
J.J. Jones,Z.Jones,0.7142857142857143,39506483
J.J. Jones,D.Jones,0.7142857142857143,39506483
Brycen Tremayne,B.Tremayne,0.75,39506489
Kobe Hudson,T.Hudson,0.6666666666666666,39506493
Kobe Hudson,K.Johnson,0.631578947368421,39506493
David Bell,D.Bell,0.6666666666666666,39506431
Jamari Thrash,J.Thrash,0.7,39506433
Michael Woods II,M.Woods,0.631578947368421,39506435
DeAndre Carter,D.Carter,0.6666666666666666,39506437
Kaden Davis,A.Davis,0.7058823529411765,39506439
Kaden Davis,D.Davis,0.7058823529411765,39506439
Kisean Johnson,K.Johnson,0.7272727272727273,39506445
Kisean Johnson,J.Johnson,0.6363636363636364,39506445
Kisean Johnson,D.Johnson,0.6363636363636364,39506445
Charlie Jones,I.Charles,0.6666666666666666,39506449
Charlie Jones,A.Jones,0.631578947368421,39506449
Charlie Jones,C.Jones,0.631578947368421,39506449
Kendric Pryor,K.Pryor,0.631578947368421,39506451
Isaiah Williams,I.Williams,0.75,39506453
Isaiah Williams,M.Williams,0.6666666666666666,39506453
Isaiah Williams,J.Williams,0.6666666666666666,39506453
Mitchell Tinsley,K.Mitchell,0.64,39506457
Mitchell Tinsley,A.Mitchell,0.64,39506457
Jordan Moore,D.Moore,0.6666666666666666,39506461
Jordan Moore,B.Jordan,0.631578947368421,39506461
Jamoi Mayes,J.Mims,0.625,39506463
Mason Kinsey,M.Kinsey,0.7368421052631579,39506405
Mason Kinsey,M.Gaskin,0.631578947368421,39506405
Mason Kinsey,H.Haskins,0.6,39506405
James Proche II,J.Proche,0.7368421052631579,39506407
James Proche II,J.Metchie,0.6,39506407
Jha'Quan Jackson,J.Jackson,0.6956521739130435,39506409
Jha'Quan Jackson,L.Jackson,0.6086956521739131,39506409
Bryce Oliver,B.Oliver,0.7368421052631579,39506413
Bryce Oliver,J.Oliver,0.631578947368421,39506413
Bryce Oliver,C.Collier,0.6,39506413
Joaquin Davis,A.Davis,0.631578947368421,39506423
Joaquin Davis,I.Davis,0.631578947368421,39506423
Equanimeous St. Brown,A.St. Brown,0.6206896551724138,39506303
Tory Horton,T.Thornton,0.7,39506373
Jake Bobo,J.Bobo,0.7142857142857143,39506375
Ricky White III,C.White,0.7058823529411765,39506377
Ricky White III,R.White,0.7058823529411765,39506377
Steven Sims,R.Stevenson,0.6666666666666666,39506379
Steven Sims,S.Sims,0.625,39506379
Dareke Young,D.Young,0.6666666666666666,39506381
Dareke Young,R.Keyton,0.631578947368421,39506381
Cody White,C.White,0.75,39506383
Cody White,M.White,0.625,39506383
Cody White,R.White,0.625,39506383
Russell Gage Jr.,J.Russell,0.7,39506393
Isaiah Hodgins,I.Hodgins,0.7272727272727273,39506397
Trent Taylor,T.Taylor,0.7368421052631579,39506401
Trent Taylor,P.Taylor,0.631578947368421,39506401
Trent Taylor,J.Taylor,0.631578947368421,39506401
Will Sheppard,S.Shepard,0.6666666666666666,39506299
Malik Heath,M.Heath,0.7058823529411765,39506313
Mecole Hardman,M.Hardman,0.7272727272727273,39506353
Mecole Hardman,K.Coleman,0.6363636363636364,39506353
Julian Hicks,J.Hicks,0.6666666666666666,39506355
Cornelius Johnson,C.Johnson,0.64,39506357
Cornelius Johnson,R.Johnson,0.64,39506357
Ronnie Bell,R.Bell,0.625,39506365
Ronnie Bell,A.O'Connell,0.6,39506365
Malik Taylor,T.Taylor,0.631578947368421,39506367
Malik Taylor,P.Taylor,0.631578947368421,39506367
Malik Taylor,J.Taylor,0.631578947368421,39506367
Jackson Meeks,L.Jackson,0.6666666666666666,39506369
Jackson Meeks,J.Jackson,0.6666666666666666,39506369
Xavier Hutchinson,X.Hutchinson,0.7857142857142857,39506319
Xavier Smith,I.Smith,0.6666666666666666,39506329
Xavier Smith,X.Smith,0.6666666666666666,39506329
Xavier Smith,A.Smith,0.6666666666666666,39506329
Britain Covey,B.Covey,0.631578947368421,39506331
Tru Edwards,G.Edwards,0.7368421052631579,39506333
Mario Williams,M.Williams,0.782608695652174,39506337
Mario Williams,I.Williams,0.782608695652174,39506337
Mario Williams,J.Williams,0.6956521739130435,39506337
Justin Watson,J.Watson,0.7,39506341
Justin Watson,D.Watson,0.6,39506341
Justin Watson,C.Watson,0.6,39506341
Braxton Berrios,B.Berrios,0.6956521739130435,39506343
Jared Wayne,J.Wayne,0.7058823529411765,39506345
Jared Wayne,B.Tremayne,0.6,39506345
Johnny Johnson III,J.Johnson,0.7272727272727273,39506347
Johnny Johnson III,D.Johnson,0.6363636363636364,39506347
Johnny Johnson III,T.Johnson,0.6363636363636364,39506347
Xavier Johnson,R.Johnson,0.7272727272727273,39506349
Xavier Johnson,J.Johnson,0.6363636363636364,39506349
Xavier Johnson,D.Johnson,0.6363636363636364,39506349
Daniel Jackson,L.Jackson,0.7272727272727273,39506351
Daniel Jackson,J.Jackson,0.6363636363636364,39506351
Daniel Jackson,J.Daniels,0.6363636363636364,39506351
Austin Hooper,A.Hooper,0.7,39506731
Austin Hooper,A.Cooper,0.6,39506731
Austin Hooper,K.Austin,0.6,39506731
Ja'Tavion Sanders,J.Sanders,0.6666666666666666,39506733
Packers ,C.Akers,0.7692307692307693,39507001
Packers ,G.Pickens,0.6666666666666666,39507001
Packers ,J.Coker,0.6153846153846154,39507001
Jets ,A.Jones,0.6,39507003
Jets ,Z.Jones,0.6,39507003
Jets ,J.Owens,0.6,39507003
Colts ,N.Collins,0.6153846153846154,39507002
Colts ,A.Cole,0.6,39507002
Julian Hill,J.Hill,0.625,39506745
Dolphins ,D.Hopkins,0.75,39507004
Dolphins ,D.Thompkins,0.6666666666666666,39507004
Dolphins ,M.Hollins,0.625,39507004
Foster Moreau,F.Moreau,0.7,39506741
Lions ,M.Hollins,0.6153846153846154,39507005
Lions ,I.Hodgins,0.6153846153846154,39507005
Lions ,N.Collins,0.6153846153846154,39507005
Raiders ,R.Rivers,0.7142857142857143,39507006
Raiders ,D.Ridder,0.7142857142857143,39507006
Raiders ,A.Rodgers,0.6666666666666666,39507006
Payne Durham,P.Durham,0.7368421052631579,39506747
Falcons ,A.Jones,0.6153846153846154,39507007
Falcons ,C.Jones,0.6153846153846154,39507007
Cade Stover,C.Stover,0.7777777777777778,39506749
Jaheim Bell,J.Hill,0.625,39506973
Jaheim Bell,J.Bell,0.625,39506973
Jaheim Bell,P.Campbell,0.6,39506973
Jack Westover,C.Stover,0.7,39506975
Gee Scott Jr.,D.Prescott,0.6666666666666666,39506979
Gee Scott Jr.,J.Scott,0.6666666666666666,39506979
Gee Scott Jr.,T.Scott,0.6666666666666666,39506979
Carter Runyon,C.Patterson,0.6086956521739131,39506987
Carter Runyon,D.Carter,0.6,39506987
Carter Runyon,M.Carter,0.6,39506987
Stone Smartt,S.Smartt,0.7368421052631579,39506759
Darnell Washington,D.Washington,0.7586206896551724,39506957
Darnell Washington,P.Washington,0.6896551724137931,39506957
Darnell Washington,C.Washington,0.6896551724137931,39506957
Connor Heyward,C.Heyward,0.7272727272727273,39506959
DJ Thomas-Jones,J.Thomas,0.6666666666666666,39506965
DJ Thomas-Jones,S.Thompson,0.6086956521739131,39506965
DJ Thomas-Jones,A.Jones,0.6,39506965
Jeremy Ruckert,J.Ruckert,0.7272727272727273,39506967
Neal Johnson,J.Johnson,0.7,39506971
Neal Johnson,D.Johnson,0.7,39506971
Neal Johnson,T.Johnson,0.7,39506971
Devin Culp,D.Culp,0.6666666666666666,39506765
Evan Deckers,T.Decker,0.631578947368421,39506945
Evan Deckers,M.Sanders,0.6,39506945
Evan Deckers,J.Sanders,0.6,39506945
Charlie Woerner,C.Woerner,0.6956521739130435,39506947
Feleipe Franks,F.Franks,0.6666666666666666,39506949
Pharaoh Brown,A.St. Brown,0.6363636363636364,39506919
Pharaoh Brown,P.Brown,0.631578947368421,39506919
Pharaoh Brown,A.Brown,0.631578947368421,39506919
Tanner Conner,T.Conner,0.7,39506921
Tanner Conner,J.Conner,0.6,39506921
Jalin Conyers,J.Conner,0.6,39506925
Drew Ogletree,A.Ogletree,0.7272727272727273,39506929
Elijah Higgins,E.Higgins,0.7272727272727273,39506899
Elijah Higgins,T.Higgins,0.6363636363636364,39506899
Josiah Deguara,J.Deguara,0.7272727272727273,39506901
Jack Stoll,J.Stoll,0.75,39506907
Jack Stoll,L.Jackson,0.6666666666666666,39506907
Jack Stoll,J.Jackson,0.6666666666666666,39506907
Treyton Welch,R.Keyton,0.6,39506915
John Bates,J.Bates,0.75,39506873
John Bates,A.Jones,0.625,39506873
John Bates,Z.Jones,0.625,39506873
Tyree Jackson,L.Jackson,0.6666666666666666,39506879
Tyree Jackson,J.Jackson,0.6666666666666666,39506879
Lawrence Cager,T.Lawrence,0.6956521739130435,39506881
Cole Turner,C.Woerner,0.7368421052631579,39506883
Cole Turner,D.Turner,0.6666666666666666,39506883
Cole Turner,C.Tune,0.625,39506883
Daniel Bellinger,D.Bellinger,0.7692307692307693,39506887
Chris Manhertz,C.Manhertz,0.782608695652174,39506889
Thomas Fidone II,S.Thompson,0.6363636363636364,39506893
Thomas Fidone II,I.Thomas,0.6,39506893
Thomas Fidone II,T.Thomas,0.6,39506893
Tommy Tremble,T.Tremble,0.7619047619047619,39506757
Hunter Long,H.Long,0.625,39506763
Johnny Mundt,J.Mundt,0.6666666666666666,39506855
Quintin Morris,Q.Morris,0.6666666666666666,39506857
Patrick Herbert,K.Herbert,0.6956521739130435,39506861
Patrick Herbert,T.Patrick,0.6086956521739131,39506861
Patrick Herbert,J.Herbert,0.6086956521739131,39506861
Mitchell Evans,K.Mitchell,0.6956521739130435,39506865
Mitchell Evans,A.Mitchell,0.6956521739130435,39506865
Mitchell Evans,M.Evans,0.6,39506865
James Mitchell,A.Mitchell,0.782608695652174,39506869
James Mitchell,K.Mitchell,0.6956521739130435,39506869
James Mitchell,J.Metchie,0.6363636363636364,39506869
Bryce Pierre,J.Pierre,0.631578947368421,39506871
Brenden Bates,B.Bates,0.631578947368421,39506833
Sal Cannella,A.O'Connell,0.6666666666666666,39506835
Drew Sample,D.Sample,0.7777777777777778,39506839
Erick All Jr.,E.All,0.6153846153846154,39506841
Tanner Hudson,T.Hudson,0.7,39506843
Kole Taylor,T.Taylor,0.6666666666666666,39506849
Kole Taylor,P.Taylor,0.6666666666666666,39506849
Kole Taylor,J.Taylor,0.6666666666666666,39506849
William Wagner,M.Williams,0.6086956521739131,39506851
William Wagner,J.Williams,0.6086956521739131,39506851
William Wagner,K.Williams,0.6086956521739131,39506851
Josh Whyle,J.Whyle,0.75,39506813
Lucas Krull,L.Krull,0.7058823529411765,39506821
Nate Adkins,N.Adkins,0.7777777777777778,39506823
Mitchell Fraboni,K.Mitchell,0.64,39506829
Mitchell Fraboni,A.Mitchell,0.64,39506829
Marshall Lang,T.Marshall,0.7272727272727273,39506801
Brayden Willis,B.Willis,0.6666666666666666,39506807
Ben Sims,B.Sims,0.7692307692307693,39506779
Ben Sims,S.Sims,0.6153846153846154,39506779
Brock Wright,B.Wright,0.7368421052631579,39506787
Brock Wright,J.Wright,0.631578947368421,39506787
Kenny Yeboah,K.Yeboah,0.7368421052631579,39506789
Shane Zylstra,S.Zylstra,0.7619047619047619,39506791
Zach Horton,T.Thornton,0.6,39506795
Davis Allen,D.Allen,0.7058823529411765,39506761
Davis Allen,Z.Davidson,0.6,39506761
Mark Redman,M.Hardman,0.7368421052631579,39506767
Brevin Jordan,B.Jordan,0.7,39506771
Jakob Johnson,J.Johnson,0.7619047619047619,39506777
Jakob Johnson,B.Johnson,0.7619047619047619,39506777
Jakob Johnson,K.Johnson,0.7619047619047619,39506777
Texans ,M.Evans,0.6666666666666666,39507009
Texans ,D.Evans,0.6666666666666666,39507009
Texans ,B.Means,0.6666666666666666,39507009
Saints ,J.Akins,0.6666666666666666,39507010
Saints ,N.Adkins,0.6153846153846154,39507010
Panthers ,C.Patterson,0.6666666666666666,39507011
Panthers ,P.Mahomes,0.625,39507011
Panthers ,M.Sanders,0.625,39507011
Titans ,I.Thomas,0.6153846153846154,39507014
Titans ,T.Thomas,0.6153846153846154,39507014
Titans ,M.Tipton,0.6153846153846154,39507014
