id,player_id,source_name,external_id,external_name,confidence_score,created_at
1,11,draftkings,39505783,Bucky Irving,1.0,2025-08-19 14:37:55
2,12,draftkings,39506091,Amon-Ra St. Brown,1.0,2025-08-19 14:37:55
3,13,draftkings,39505785,Ashton Jeanty,1.0,2025-08-19 14:37:55
4,14,draftkings,39505688,Jayden Daniels,1.0,2025-08-19 14:37:55
5,15,draftkings,39506093,Malik Nabers,1.0,2025-08-19 14:37:55
6,16,draftkings,39505787,De'Von Achane,1.0,2025-08-19 14:37:55
7,17,draftkings,39505789,Jonathan Taylor,1.0,2025-08-19 14:37:55
8,18,draftkings,39506095,Brian Thomas Jr.,1.0,2025-08-19 14:37:55
9,19,draftkings,39505791,Josh Jacobs,1.0,2025-08-19 14:37:55
10,20,draftkings,39505690,Baker Mayfield,1.0,2025-08-19 14:37:55
11,21,draftkings,39506099,Mike Evans,1.0,2025-08-19 14:37:55
12,22,draftkings,39505793,Chase Brown,1.0,2025-08-19 14:37:55
13,23,draftkings,39506677,Brock Bowers,1.0,2025-08-19 14:37:55
14,24,draftkings,39506101,Drake London,1.0,2025-08-19 14:37:55
15,25,draftkings,39505691,Jared Goff,1.0,2025-08-19 14:37:55
16,26,draftkings,39505795,Kyren Williams,1.0,2025-08-19 14:37:55
17,27,draftkings,39505797,Breece Hall,1.0,2025-08-19 14:37:55
18,28,draftkings,39505692,Kyler Murray,1.0,2025-08-19 14:37:55
19,29,draftkings,39506103,Tee Higgins,1.0,2025-08-19 14:37:55
20,30,draftkings,39506105,Garrett Wilson,1.0,2025-08-19 14:37:55
21,31,draftkings,39505799,Alvin Kamara,1.0,2025-08-19 14:37:55
22,32,draftkings,39505693,Bo Nix,1.0,2025-08-19 14:37:55
23,33,draftkings,39506679,Trey McBride,1.0,2025-08-19 14:37:55
24,34,draftkings,39506107,Terry McLaurin,1.0,2025-08-19 14:37:55
25,35,draftkings,39505694,Brock Purdy,1.0,2025-08-19 14:37:55
26,36,draftkings,39505801,Joe Mixon,1.0,2025-08-19 14:37:55
27,37,draftkings,39505803,James Conner,1.0,2025-08-19 14:37:55
28,38,draftkings,39505695,Jordan Love,1.0,2025-08-19 14:37:55
29,39,draftkings,39506109,Davante Adams,1.0,2025-08-19 14:37:55
30,40,draftkings,39505805,Chuba Hubbard,1.0,2025-08-19 14:37:55
31,41,draftkings,39506111,Courtland Sutton,1.0,2025-08-19 14:37:55
32,42,draftkings,39505696,C.J. Stroud,1.0,2025-08-19 14:37:55
33,43,draftkings,39506113,DK Metcalf,1.0,2025-08-19 14:37:55
34,44,draftkings,39505807,Kenneth Walker III,1.0,2025-08-19 14:37:55
35,45,draftkings,39505697,Matthew Stafford,1.0,2025-08-19 14:37:55
36,46,draftkings,39505698,Tua Tagovailoa,1.0,2025-08-19 14:37:55
37,47,draftkings,39505809,Brian Robinson Jr.,1.0,2025-08-19 14:37:55
38,48,draftkings,39505811,RJ Harvey,1.0,2025-08-19 14:37:55
39,49,draftkings,39506115,Jaxon Smith-Njigba,1.0,2025-08-19 14:37:55
40,50,draftkings,39506681,George Kittle,1.0,2025-08-19 14:37:55
41,51,draftkings,39506117,Jaylen Waddle,1.0,2025-08-19 14:37:55
42,52,draftkings,39505699,Bryce Young,1.0,2025-08-19 14:37:55
43,53,draftkings,39505813,Tony Pollard,1.0,2025-08-19 14:37:55
44,54,draftkings,39505815,David Montgomery,1.0,2025-08-19 14:37:55
45,55,draftkings,39505700,Michael Penix Jr.,1.0,2025-08-19 14:37:55
46,56,draftkings,39506119,Chris Godwin,1.0,2025-08-19 14:37:55
47,57,draftkings,39505817,Tyrone Tracy Jr.,1.0,2025-08-19 14:37:55
48,58,draftkings,39505819,Jerome Ford,1.0,2025-08-19 14:37:55
49,59,draftkings,39505701,Drake Maye,1.0,2025-08-19 14:37:55
50,60,draftkings,39505823,TreVeyon Henderson,1.0,2025-08-19 14:37:55
51,61,draftkings,39506121,Marvin Harrison Jr.,1.0,2025-08-19 14:37:55
52,62,draftkings,39505821,J.K. Dobbins,1.0,2025-08-19 14:37:55
53,63,draftkings,39506123,Jameson Williams,1.0,2025-08-19 14:37:55
54,64,draftkings,39505825,Rhamondre Stevenson,1.0,2025-08-19 14:37:55
55,65,draftkings,39505702,Justin Fields,1.0,2025-08-19 14:37:55
56,66,draftkings,39505827,Travis Etienne Jr.,1.0,2025-08-19 14:37:55
57,67,draftkings,39506125,Jerry Jeudy,1.0,2025-08-19 14:37:55
58,68,draftkings,39506127,Jayden Reed,1.0,2025-08-19 14:37:55
59,69,draftkings,39506131,Stefon Diggs,1.0,2025-08-19 14:37:55
60,70,draftkings,39505831,Kaleb Johnson,1.0,2025-08-19 14:37:55
61,71,draftkings,39505704,Trevor Lawrence,1.0,2025-08-19 14:37:55
62,72,draftkings,39505703,Sam Darnold,1.0,2025-08-19 14:37:55
63,73,draftkings,39505829,Isaac Guerendo,1.0,2025-08-19 14:37:55
64,74,draftkings,39506129,Cooper Kupp,1.0,2025-08-19 14:37:55
65,75,draftkings,39505706,Geno Smith,1.0,2025-08-19 14:37:55
66,76,draftkings,39505705,Aaron Rodgers,1.0,2025-08-19 14:37:55
67,77,draftkings,39505833,Jaylen Warren,1.0,2025-08-19 14:37:55
68,78,draftkings,39506133,Deebo Samuel Sr.,1.0,2025-08-19 14:37:55
69,79,draftkings,39506135,Tetairoa McMillan,1.0,2025-08-19 14:37:55
70,80,draftkings,39505835,Nick Chubb,1.0,2025-08-19 14:37:55
71,81,draftkings,39505837,Woody Marks,1.0,2025-08-19 14:37:55
72,82,draftkings,39506137,Jakobi Meyers,1.0,2025-08-19 14:37:55
73,83,draftkings,39505839,Rachaad White,1.0,2025-08-19 14:37:55
74,84,draftkings,39505707,Anthony Richardson Sr.,1.0,2025-08-19 14:37:55
75,85,draftkings,39505708,Daniel Jones,1.0,2025-08-19 14:37:55
76,86,draftkings,39506139,Chris Olave,1.0,2025-08-19 14:37:55
77,87,draftkings,39505843,Cam Skattebo,1.0,2025-08-19 14:37:55
78,88,draftkings,39505841,Quinshon Judkins,1.0,2025-08-19 14:37:55
79,89,draftkings,39505847,Raheem Mostert,1.0,2025-08-19 14:37:55
80,90,draftkings,39505849,Tyler Allgeier,1.0,2025-08-19 14:37:55
81,91,draftkings,39506143,Darnell Mooney,1.0,2025-08-19 14:37:55
82,92,draftkings,39505709,Russell Wilson,1.0,2025-08-19 14:37:55
83,93,draftkings,39505845,Rico Dowdle,1.0,2025-08-19 14:37:55
84,94,draftkings,39506145,Travis Hunter,1.0,2025-08-19 14:37:55
85,95,draftkings,39505710,Cameron Ward,1.0,2025-08-19 14:37:55
86,96,draftkings,39506141,Calvin Ridley,1.0,2025-08-19 14:37:55
87,97,draftkings,39506683,Sam LaPorta,1.0,2025-08-19 14:37:55
88,98,draftkings,39505853,Braelon Allen,1.0,2025-08-19 14:37:55
89,99,draftkings,39505857,Jaylen Wright,1.0,2025-08-19 14:37:55
90,100,draftkings,39506149,Michael Pittman Jr.,1.0,2025-08-19 14:37:55
91,101,draftkings,39505711,Joe Flacco,1.0,2025-08-19 14:37:55
92,102,draftkings,39505712,Kenny Pickett,1.0,2025-08-19 14:37:55
93,103,draftkings,39505713,Dillon Gabriel,1.0,2025-08-19 14:37:55
94,104,draftkings,39505714,Shedeur Sanders,1.0,2025-08-19 14:37:55
95,105,draftkings,39505855,Dylan Sampson,1.0,2025-08-19 14:37:55
96,106,draftkings,39505851,Zach Charbonnet,1.0,2025-08-19 14:37:55
97,107,draftkings,39506147,Jauan Jennings,1.0,2025-08-19 14:37:55
98,108,draftkings,39506151,Matthew Golden,1.0,2025-08-19 14:37:55
99,109,draftkings,39505863,DJ Giddens,1.0,2025-08-19 14:37:55
100,110,draftkings,39505715,Spencer Rattler,1.0,2025-08-19 14:37:55
101,111,draftkings,39505716,Tyler Shough,1.0,2025-08-19 14:37:55
102,112,draftkings,39505717,Jake Haener,1.0,2025-08-19 14:37:55
103,113,draftkings,39505859,Austin Ekeler,1.0,2025-08-19 14:37:55
104,114,draftkings,39505861,Jaleel McLaughlin,1.0,2025-08-19 14:37:55
105,115,draftkings,39506155,Brandon Aiyuk,1.0,2025-08-19 14:37:56
106,116,draftkings,39506153,Jayden Higgins,1.0,2025-08-19 14:37:56
107,117,draftkings,39505718,Andy Dalton,1.0,2025-08-19 14:37:56
108,118,draftkings,39506157,Adam Thielen,1.0,2025-08-19 14:37:56
109,119,draftkings,39506685,David Njoku,1.0,2025-08-19 14:37:56
110,120,draftkings,39505865,Tyjae Spears,1.0,2025-08-19 14:37:56
111,121,draftkings,39505869,MarShawn Lloyd,1.0,2025-08-19 14:37:56
112,122,draftkings,39505867,Dameon Pierce,1.0,2025-08-19 14:37:56
113,123,draftkings,39506159,Christian Kirk,1.0,2025-08-19 14:37:56
114,124,draftkings,39505720,Kirk Cousins,1.0,2025-08-19 14:37:56
115,125,draftkings,39506165,Emeka Egbuka,1.0,2025-08-19 14:37:56
116,126,draftkings,39506161,Josh Downs,1.0,2025-08-19 14:37:56
117,127,draftkings,39505873,Trey Benson,1.0,2025-08-19 14:37:56
118,128,draftkings,39506163,Rashid Shaheed,1.0,2025-08-19 14:37:56
119,129,draftkings,39505875,Devin Singletary,1.0,2025-08-19 14:37:56
120,130,draftkings,39505871,Tank Bigsby,1.0,2025-08-19 14:37:56
121,131,draftkings,39505877,Zack Moss,1.0,2025-08-19 14:37:56
122,132,draftkings,39505719,Malik Willis,1.0,2025-08-19 14:37:56
123,133,draftkings,39505726,Joshua Dobbs,1.0,2025-08-19 14:37:56
124,134,draftkings,39505879,Antonio Gibson,1.0,2025-08-19 14:37:56
125,135,draftkings,39505721,Jameis Winston,1.0,2025-08-19 14:37:56
126,136,draftkings,39505724,Marcus Mariota,1.0,2025-08-19 14:37:56
127,137,draftkings,39505725,Jaxson Dart,1.0,2025-08-19 14:37:56
128,138,draftkings,39506167,Wan'Dale Robinson,1.0,2025-08-19 14:37:56
129,139,draftkings,39505885,Trevor Etienne,1.0,2025-08-19 14:37:56
130,140,draftkings,39506169,Marvin Mims Jr.,1.0,2025-08-19 14:37:56
131,141,draftkings,39506687,Evan Engram,1.0,2025-08-19 14:37:56
132,142,draftkings,39506171,Ricky Pearsall,1.0,2025-08-19 14:37:56
133,143,draftkings,39505722,Hendon Hooker,1.0,2025-08-19 14:37:56
134,144,draftkings,39505723,Davis Mills,1.0,2025-08-19 14:37:56
135,145,draftkings,39505881,Blake Corum,1.0,2025-08-19 14:37:56
136,146,draftkings,39505883,Jarquez Hunter,1.0,2025-08-19 14:37:56
137,147,draftkings,39505728,Tyrod Taylor,1.0,2025-08-19 14:37:56
138,148,draftkings,39506177,Calvin Austin III,1.0,2025-08-19 14:37:56
139,149,draftkings,39505887,Alexander Mattison,1.0,2025-08-19 14:37:56
140,150,draftkings,39506175,Alec Pierce,1.0,2025-08-19 14:37:56
141,151,draftkings,39506689,Tyler Warren,1.0,2025-08-19 14:37:56
142,152,draftkings,39505727,Jacoby Brissett,1.0,2025-08-19 14:37:56
143,153,draftkings,39505893,Bhayshul Tuten,1.0,2025-08-19 14:37:56
144,154,draftkings,39505729,Jake Browning,1.0,2025-08-19 14:37:56
145,155,draftkings,39505889,Pierre Strong Jr.,1.0,2025-08-19 14:37:56
146,156,draftkings,39506173,Cedric Tillman,1.0,2025-08-19 14:37:56
147,157,draftkings,39505891,Kenny McIntosh,1.0,2025-08-19 14:37:56
148,158,draftkings,39505730,Jimmy Garoppolo,1.0,2025-08-19 14:37:56
149,159,draftkings,39506183,Kyle Williams,1.0,2025-08-19 14:37:56
150,160,draftkings,39506691,Kyle Pitts Sr.,1.0,2025-08-19 14:37:56
151,161,draftkings,39505735,Zach Wilson,1.0,2025-08-19 14:37:56
152,162,draftkings,39505897,Khalil Herbert,1.0,2025-08-19 14:37:56
153,163,draftkings,39505895,Kendre Miller,1.0,2025-08-19 14:37:56
154,164,draftkings,39505901,Cam Akers,1.0,2025-08-19 14:37:56
155,165,draftkings,39505734,Nick Mullens,1.0,2025-08-19 14:37:56
156,166,draftkings,39506181,Dyami Brown,1.0,2025-08-19 14:37:56
157,167,draftkings,39505732,Jarrett Stidham,1.0,2025-08-19 14:37:56
158,168,draftkings,39505899,Audric Estime,1.0,2025-08-19 14:37:56
159,169,draftkings,39505731,Drew Lock,1.0,2025-08-19 14:37:56
160,170,draftkings,39505733,Jalen Milroe,1.0,2025-08-19 14:37:56
161,171,draftkings,39505903,Jordan James,1.0,2025-08-19 14:37:56
162,172,draftkings,39506179,Romeo Doubs,1.0,2025-08-19 14:37:56
163,173,draftkings,39505736,Aidan O'Connell,1.0,2025-08-19 14:37:56
164,174,draftkings,39506189,DeMario Douglas,1.0,2025-08-19 14:37:56
165,175,draftkings,39505738,Mason Rudolph,1.0,2025-08-19 14:37:56
166,176,draftkings,39505907,Kenneth Gainwell,1.0,2025-08-19 14:37:56
167,177,draftkings,39506693,Jonnu Smith,1.0,2025-08-19 14:37:56
168,178,draftkings,39505909,Ollie Gordon II,1.0,2025-08-19 14:37:56
169,179,draftkings,39506187,Michael Wilson,1.0,2025-08-19 14:37:56
170,180,draftkings,39506185,Xavier Legette,1.0,2025-08-19 14:37:56
171,181,draftkings,39505737,Mac Jones,1.0,2025-08-19 14:37:56
172,182,draftkings,39505905,Emanuel Wilson,1.0,2025-08-19 14:37:56
173,183,draftkings,39506195,Jack Bech,1.0,2025-08-19 14:37:56
174,184,draftkings,39505913,Cordarrelle Patterson,1.0,2025-08-19 14:37:56
175,185,draftkings,39505740,Kyle Trask,1.0,2025-08-19 14:37:56
176,186,draftkings,39506191,Jalen McMillan,1.0,2025-08-19 14:37:56
177,187,draftkings,39505739,Riley Leonard,1.0,2025-08-19 14:37:56
178,188,draftkings,39505911,Michael Carter,1.0,2025-08-19 14:37:56
179,189,draftkings,39506193,Brandin Cooks,1.0,2025-08-19 14:37:56
180,190,draftkings,39506695,Zach Ertz,1.0,2025-08-19 14:37:56
181,191,draftkings,39505915,Samaje Perine,1.0,2025-08-19 14:37:56
182,192,draftkings,39505923,Trayveon Williams,1.0,2025-08-19 14:37:56
183,193,draftkings,39506027,Nate Noel,1.0,2025-08-19 14:37:56
184,194,draftkings,39505774,Ben Wooldridge,1.0,2025-08-19 14:37:56
185,195,draftkings,39505775,Cam Miller,1.0,2025-08-19 14:37:56
186,196,draftkings,39506065,Lan Larison,1.0,2025-08-19 14:37:56
187,197,draftkings,39506067,Terrell Jennings,1.0,2025-08-19 14:37:56
188,198,draftkings,39506069,Brock Lampe,1.0,2025-08-19 14:37:56
189,199,draftkings,39506071,Sincere McCormick,1.0,2025-08-19 14:37:56
190,200,draftkings,39506073,Zamir White,1.0,2025-08-19 14:37:56
191,201,draftkings,39506075,Dylan Laube,1.0,2025-08-19 14:37:56
192,202,draftkings,39506077,Chris Collier,1.0,2025-08-19 14:37:56
193,203,draftkings,39505770,Will Howard,1.0,2025-08-19 14:37:56
194,204,draftkings,39505771,Skylar Thompson,1.0,2025-08-19 14:37:56
195,205,draftkings,39505772,Adrian Martinez,1.0,2025-08-19 14:37:56
196,206,draftkings,39505773,Brady Cook,1.0,2025-08-19 14:37:56
197,207,draftkings,39505927,Isaiah Davis,1.0,2025-08-19 14:37:56
198,208,draftkings,39506051,Trey Sermon,1.0,2025-08-19 14:37:56
199,209,draftkings,39506053,Evan Hull,1.0,2025-08-19 14:37:56
200,210,draftkings,39506055,Max Hurleman,1.0,2025-08-19 14:37:56
201,211,draftkings,39506057,Kene Nwangwu,1.0,2025-08-19 14:37:56
202,212,draftkings,39506059,Zach Evans,1.0,2025-08-19 14:37:56
203,213,draftkings,39506061,Donovan Edwards,1.0,2025-08-19 14:37:56
204,214,draftkings,39506063,Andrew Beck,1.0,2025-08-19 14:37:56
205,215,draftkings,39505766,Michael Pratt,1.0,2025-08-19 14:37:56
206,216,draftkings,39505767,Connor Bazelak,1.0,2025-08-19 14:37:56
207,217,draftkings,39505768,Easton Stick,1.0,2025-08-19 14:37:56
208,218,draftkings,39505769,Emory Jones,1.0,2025-08-19 14:37:56
209,219,draftkings,39506037,Sean Tucker,1.0,2025-08-19 14:37:56
210,220,draftkings,39506039,D.J. Williams,1.0,2025-08-19 14:37:56
211,221,draftkings,39506041,Josh Williams,1.0,2025-08-19 14:37:56
212,222,draftkings,39506043,Carlos Washington Jr.,1.0,2025-08-19 14:37:56
213,223,draftkings,39506045,Elijah Dotson,1.0,2025-08-19 14:37:56
214,224,draftkings,39506047,Jashaun Corbin,1.0,2025-08-19 14:37:56
215,225,draftkings,39506049,Nathan Carter,1.0,2025-08-19 14:37:56
216,226,draftkings,39505764,Quinn Ewers,1.0,2025-08-19 14:37:56
217,227,draftkings,39505765,Jason Bean,1.0,2025-08-19 14:37:56
218,228,draftkings,39506029,Alec Ingold,1.0,2025-08-19 14:37:56
219,229,draftkings,39506031,Tyler Goodson,1.0,2025-08-19 14:37:56
220,230,draftkings,39506033,Salvon Ahmed,1.0,2025-08-19 14:37:56
221,231,draftkings,39506035,Ulysses Bentley IV,1.0,2025-08-19 14:37:56
222,232,draftkings,39505762,Clayton Tune,1.0,2025-08-19 14:37:56
223,233,draftkings,39505763,Hunter Dekkers,1.0,2025-08-19 14:37:56
224,234,draftkings,39506015,Emari Demercado,1.0,2025-08-19 14:37:56
225,235,draftkings,39506017,DeeJay Dallas,1.0,2025-08-19 14:37:56
226,236,draftkings,39506019,Zonovan Knight,1.0,2025-08-19 14:37:56
227,237,draftkings,39506021,Devin Neal,1.0,2025-08-19 14:37:56
228,238,draftkings,39506023,Velus Jones Jr.,1.0,2025-08-19 14:37:56
229,239,draftkings,39506025,Marcus Yarns,1.0,2025-08-19 14:37:56
230,240,draftkings,39506079,Clyde Edwards-Helaire,1.0,2025-08-19 14:37:56
231,241,draftkings,39505742,Tommy DeVito,1.0,2025-08-19 14:37:56
232,242,draftkings,39505760,Josh Johnson,1.0,2025-08-19 14:37:56
233,243,draftkings,39505761,Sam Hartman,1.0,2025-08-19 14:37:56
234,244,draftkings,39506001,Chris Rodriguez Jr.,1.0,2025-08-19 14:37:56
235,245,draftkings,39506003,Jeremy McNichols,1.0,2025-08-19 14:37:56
236,246,draftkings,39506005,Jacory Croskey-Merritt,1.0,2025-08-19 14:37:56
237,247,draftkings,39506007,Demetric Felton,1.0,2025-08-19 14:37:56
238,248,draftkings,39506009,Eric Gray,1.0,2025-08-19 14:37:56
239,249,draftkings,39506011,Dante Miller,1.0,2025-08-19 14:37:56
240,250,draftkings,39506013,Rushawn Baker,1.0,2025-08-19 14:37:56
241,251,draftkings,39506081,Kazmeir Allen,1.0,2025-08-19 14:37:56
242,252,draftkings,39506199,Darius Slayton,1.0,2025-08-19 14:37:56
243,253,draftkings,39505757,John Wolford,1.0,2025-08-19 14:37:56
244,254,draftkings,39505758,Seth Henigan,1.0,2025-08-19 14:37:56
245,255,draftkings,39505759,Jack Plummer,1.0,2025-08-19 14:37:56
246,256,draftkings,39505921,Raheem Blackshear,1.0,2025-08-19 14:37:56
247,257,draftkings,39505991,LeQuint Allen Jr.,1.0,2025-08-19 14:37:57
248,258,draftkings,39505993,Ja'Quinden Jackson,1.0,2025-08-19 14:37:57
249,259,draftkings,39505995,Emani Bailey,1.0,2025-08-19 14:37:57
250,260,draftkings,39505997,Kay'Ron Lynch-Adams,1.0,2025-08-19 14:37:57
251,261,draftkings,39505999,Jonathon Brooks,1.0,2025-08-19 14:37:57
252,262,draftkings,39505755,Deshaun Watson,1.0,2025-08-19 14:37:57
253,263,draftkings,39505756,Payton Thorne,1.0,2025-08-19 14:37:57
254,264,draftkings,39505776,Desmond Ridder,1.0,2025-08-19 14:37:57
255,265,draftkings,39505979,Ahmani Marshall,1.0,2025-08-19 14:37:57
256,266,draftkings,39505981,Troy Hairston,1.0,2025-08-19 14:37:57
257,267,draftkings,39505983,Tahj Brooks,1.0,2025-08-19 14:37:57
258,268,draftkings,39505985,Gary Brightwell,1.0,2025-08-19 14:37:57
259,269,draftkings,39505987,Kendall Milton,1.0,2025-08-19 14:37:57
260,270,draftkings,39505989,Quali Conley,1.0,2025-08-19 14:37:57
261,271,draftkings,39505741,Will Levis,1.0,2025-08-19 14:37:57
262,272,draftkings,39505743,Brandon Allen,1.0,2025-08-19 14:37:57
263,273,draftkings,39505753,Tim Boyle,1.0,2025-08-19 14:37:57
264,274,draftkings,39505754,Sam Ehlinger,1.0,2025-08-19 14:37:57
265,275,draftkings,39505917,Jermar Jefferson,1.0,2025-08-19 14:37:57
266,276,draftkings,39505967,Julius Chestnut,1.0,2025-08-19 14:37:57
267,277,draftkings,39505969,Kalel Mullings,1.0,2025-08-19 14:37:57
268,278,draftkings,39505971,Jordan Mims,1.0,2025-08-19 14:37:57
269,279,draftkings,39505973,Tyler Badie,1.0,2025-08-19 14:37:57
270,280,draftkings,39505975,Blake Watson,1.0,2025-08-19 14:37:57
271,281,draftkings,39505977,Michael Burton,1.0,2025-08-19 14:37:57
272,282,draftkings,39506201,Tyler Lockett,1.0,2025-08-19 14:37:57
273,283,draftkings,39505751,Kurtis Rourke,1.0,2025-08-19 14:37:57
274,284,draftkings,39505752,Tanner Mordecai,1.0,2025-08-19 14:37:57
275,285,draftkings,39505919,Patrick Taylor Jr.,1.0,2025-08-19 14:37:57
276,286,draftkings,39505955,Damien Martinez,1.0,2025-08-19 14:37:57
277,287,draftkings,39505957,George Holani,1.0,2025-08-19 14:37:57
278,288,draftkings,39505959,Jacardia Wright,1.0,2025-08-19 14:37:57
279,289,draftkings,39505961,Robbie Ouzts,1.0,2025-08-19 14:37:57
280,290,draftkings,39505963,Corey Kiner,1.0,2025-08-19 14:37:57
281,291,draftkings,39505965,Kyle Juszczyk,1.0,2025-08-19 14:37:57
282,292,draftkings,39506083,Brady Russell,1.0,2025-08-19 14:37:57
283,293,draftkings,39505748,Sean Clifford,1.0,2025-08-19 14:37:57
284,294,draftkings,39505749,Taylor Elgersma,1.0,2025-08-19 14:37:57
285,295,draftkings,39505750,Kyle Allen,1.0,2025-08-19 14:37:57
286,296,draftkings,39505925,Chris Brooks,1.0,2025-08-19 14:37:57
287,297,draftkings,39505943,Amar Johnson,1.0,2025-08-19 14:37:57
288,298,draftkings,39505945,Jalen White,1.0,2025-08-19 14:37:57
289,299,draftkings,39505947,Craig Reynolds,1.0,2025-08-19 14:37:57
290,300,draftkings,39505949,Sione Vaki,1.0,2025-08-19 14:37:57
291,301,draftkings,39505951,Kye Robichaux,1.0,2025-08-19 14:37:57
292,302,draftkings,39505953,Jabari Small,1.0,2025-08-19 14:37:57
293,303,draftkings,39506197,Christian Watson,1.0,2025-08-19 14:37:57
294,304,draftkings,39506697,Tucker Kraft,1.0,2025-08-19 14:37:57
295,305,draftkings,39505744,Stetson Bennett IV,1.0,2025-08-19 14:37:57
296,306,draftkings,39505745,Dresser Winn,1.0,2025-08-19 14:37:57
297,307,draftkings,39505746,Graham Mertz,1.0,2025-08-19 14:37:57
298,308,draftkings,39505747,Kedon Slovis,1.0,2025-08-19 14:37:57
299,309,draftkings,39505929,Ronnie Rivers,1.0,2025-08-19 14:37:57
300,310,draftkings,39505931,Cody Schrader,1.0,2025-08-19 14:37:57
301,311,draftkings,39505933,Jordan Waters,1.0,2025-08-19 14:37:57
302,312,draftkings,39505935,Dare Ogunbowale,1.0,2025-08-19 14:37:57
303,313,draftkings,39505937,J.J. Taylor,1.0,2025-08-19 14:37:57
304,314,draftkings,39505939,British Brooks,1.0,2025-08-19 14:37:57
305,315,draftkings,39505941,Jawhar Jordan,1.0,2025-08-19 14:37:57
306,316,draftkings,39506699,Hunter Henry,1.0,2025-08-19 14:37:57
307,317,draftkings,39506205,Allen Lazard,1.0,2025-08-19 14:37:57
308,318,draftkings,39506209,Diontae Johnson,1.0,2025-08-19 14:37:57
309,319,draftkings,39506207,Devaughn Vele,1.0,2025-08-19 14:37:57
310,320,draftkings,39506203,Demarcus Robinson,1.0,2025-08-19 14:37:57
311,321,draftkings,39506211,Kayshon Boutte,1.0,2025-08-19 14:37:57
312,322,draftkings,39506701,Cade Otton,1.0,2025-08-19 14:37:57
313,323,draftkings,39506213,Parker Washington,1.0,2025-08-19 14:37:57
314,324,draftkings,39506991,Broncos ,1.0,2025-08-19 14:37:57
315,325,draftkings,39506215,Marquez Valdes-Scantling,1.0,2025-08-19 14:37:57
316,326,draftkings,39506217,Jaylin Noel,1.0,2025-08-19 14:37:57
317,327,draftkings,39506221,Ray-Ray McCloud III,1.0,2025-08-19 14:37:57
318,328,draftkings,39506703,Taysom Hill,1.0,2025-08-19 14:37:57
319,329,draftkings,39506225,Jaylin Lane,1.0,2025-08-19 14:37:57
320,330,draftkings,39506992,Commanders ,1.0,2025-08-19 14:37:57
321,331,draftkings,39506219,Jalen Coker,1.0,2025-08-19 14:37:57
322,332,draftkings,39506223,Andrei Iosivas,1.0,2025-08-19 14:37:57
323,333,draftkings,39506233,Dont'e Thornton Jr.,1.0,2025-08-19 14:37:57
324,334,draftkings,39506705,Mike Gesicki,1.0,2025-08-19 14:37:57
325,335,draftkings,39506993,Bengals ,1.0,2025-08-19 14:37:57
326,336,draftkings,39506231,Tim Patrick,1.0,2025-08-19 14:37:57
327,337,draftkings,39506227,John Metchie III,1.0,2025-08-19 14:37:57
328,338,draftkings,39506229,Tutu Atwell,1.0,2025-08-19 14:37:57
329,339,draftkings,39506235,Nick Westbrook-Ikhine,1.0,2025-08-19 14:37:57
330,340,draftkings,39506709,Darren Waller,1.0,2025-08-19 14:37:57
331,341,draftkings,39506237,Greg Dortch,1.0,2025-08-19 14:37:57
332,342,draftkings,39506994,Cardinals ,1.0,2025-08-19 14:37:57
333,343,draftkings,39506243,Luke McCaffrey,1.0,2025-08-19 14:37:57
334,344,draftkings,39506239,Troy Franklin,1.0,2025-08-19 14:37:57
335,345,draftkings,39506241,Jacob Cowing,1.0,2025-08-19 14:37:57
336,346,draftkings,39506707,Dalton Schultz,1.0,2025-08-19 14:37:57
337,347,draftkings,39506249,Robert Woods,1.0,2025-08-19 14:37:57
338,348,draftkings,39506251,Adonai Mitchell,1.0,2025-08-19 14:37:57
339,349,draftkings,39506247,Van Jefferson,1.0,2025-08-19 14:37:57
340,350,draftkings,39506253,Pat Bryant,1.0,2025-08-19 14:37:57
341,351,draftkings,39506713,Chig Okonkwo,1.0,2025-08-19 14:37:57
342,352,draftkings,39506245,Dontayvion Wicks,1.0,2025-08-19 14:37:57
343,353,draftkings,39506711,Tyler Higbee,1.0,2025-08-19 14:37:57
344,354,draftkings,39506995,Rams ,1.0,2025-08-19 14:37:57
345,355,draftkings,39506255,Kendrick Bourne,1.0,2025-08-19 14:37:57
346,356,draftkings,39506265,Josh Reynolds,1.0,2025-08-19 14:37:57
347,357,draftkings,39506996,Steelers ,1.0,2025-08-19 14:37:57
348,358,draftkings,39506263,Zay Jones,1.0,2025-08-19 14:37:57
349,359,draftkings,39506717,Juwan Johnson,1.0,2025-08-19 14:37:57
350,360,draftkings,39506715,Brenton Strange,1.0,2025-08-19 14:37:57
351,361,draftkings,39506261,Xavier Restrepo,1.0,2025-08-19 14:37:57
352,362,draftkings,39506259,Jordan Watkins,1.0,2025-08-19 14:37:57
353,363,draftkings,39506257,Savion Williams,1.0,2025-08-19 14:37:57
354,364,draftkings,39506719,Pat Freiermuth,1.0,2025-08-19 14:37:57
355,365,draftkings,39506279,KhaDarel Hodge,1.0,2025-08-19 14:37:57
356,366,draftkings,39506267,Malik Washington,1.0,2025-08-19 14:37:57
357,367,draftkings,39506277,Michael Gallup,1.0,2025-08-19 14:37:57
358,368,draftkings,39506275,Hunter Renfrow,1.0,2025-08-19 14:37:57
359,369,draftkings,39506997,Jaguars ,1.0,2025-08-19 14:37:57
360,370,draftkings,39506273,Treylon Burks,1.0,2025-08-19 14:37:57
361,371,draftkings,39506271,Kalif Raymond,1.0,2025-08-19 14:37:57
362,372,draftkings,39506269,Tank Dell,1.0,2025-08-19 14:37:57
363,373,draftkings,39506721,Terrance Ferguson,1.0,2025-08-19 14:37:57
364,374,draftkings,39506281,Tre Tucker,1.0,2025-08-19 14:37:57
365,375,draftkings,39506287,Mack Hollins,1.0,2025-08-19 14:37:57
366,376,draftkings,39506998,Patriots ,1.0,2025-08-19 14:37:57
367,377,draftkings,39506725,Mason Taylor,1.0,2025-08-19 14:37:57
368,378,draftkings,39506285,Sterling Shepard,1.0,2025-08-19 14:37:57
369,379,draftkings,39506297,Bub Means,1.0,2025-08-19 14:37:57
370,380,draftkings,39506295,Noah Brown,1.0,2025-08-19 14:37:57
371,381,draftkings,39506293,Jermaine Burton,1.0,2025-08-19 14:37:57
372,382,draftkings,39506723,Harold Fannin Jr.,1.0,2025-08-19 14:37:57
373,383,draftkings,39506291,Elic Ayomanor,1.0,2025-08-19 14:37:57
374,384,draftkings,39506289,Isaac TeSlaa,1.0,2025-08-19 14:37:57
375,385,draftkings,39506283,Jordan Whittington,1.0,2025-08-19 14:37:57
376,386,draftkings,39506301,Donovan Peoples-Jones,1.0,2025-08-19 14:37:57
377,387,draftkings,39506305,Quintez Cephus,1.0,2025-08-19 14:37:57
378,388,draftkings,39506391,Isaiah Neyor,1.0,2025-08-19 14:37:57
379,389,draftkings,39506309,Phillip Dorsett II,1.0,2025-08-19 14:37:57
380,390,draftkings,39506311,Seth Williams,1.0,2025-08-19 14:37:57
381,391,draftkings,39506653,Ja'Lynn Polk,1.0,2025-08-19 14:37:57
382,392,draftkings,39506655,Javon Baker,1.0,2025-08-19 14:37:57
383,393,draftkings,39506657,Efton Chism III,1.0,2025-08-19 14:37:57
384,394,draftkings,39506659,John Jiles,1.0,2025-08-19 14:37:57
385,395,draftkings,39506661,DeMeer Blankumsee,1.0,2025-08-19 14:37:57
386,396,draftkings,39506663,Jeremiah Webb,1.0,2025-08-19 14:37:57
387,397,draftkings,39506665,Tommy Mellott,1.0,2025-08-19 14:37:57
388,398,draftkings,39506667,Alex Bachman,1.0,2025-08-19 14:37:57
389,399,draftkings,39506669,Collin Johnson,1.0,2025-08-19 14:37:57
390,400,draftkings,39506671,Kyle Philips,1.0,2025-08-19 14:37:57
391,401,draftkings,39506673,Shedrick Jackson,1.0,2025-08-19 14:37:57
392,402,draftkings,39506675,Ketron Jackson Jr.,1.0,2025-08-19 14:37:57
393,403,draftkings,39506727,Michael Mayer,1.0,2025-08-19 14:37:57
394,404,draftkings,39506617,Roman Wilson,1.0,2025-08-19 14:37:57
395,405,draftkings,39506619,Scotty Miller,1.0,2025-08-19 14:37:57
396,406,draftkings,39506621,Ben Skowronek,1.0,2025-08-19 14:37:57
397,407,draftkings,39506623,Brandon Johnson,1.0,2025-08-19 14:37:57
398,408,draftkings,39506625,Lance McCutcheon,1.0,2025-08-19 14:37:57
399,409,draftkings,39506627,Roc Taylor,1.0,2025-08-19 14:37:57
400,410,draftkings,39506629,Ke'Shawn Williams,1.0,2025-08-19 14:37:57
401,411,draftkings,39506631,Montana Lemonious-Craig,1.0,2025-08-19 14:37:58
402,412,draftkings,39506633,Malachi Corley,1.0,2025-08-19 14:37:58
403,413,draftkings,39506635,Arian Smith,1.0,2025-08-19 14:37:58
404,414,draftkings,39506637,Tyler Johnson,1.0,2025-08-19 14:37:58
405,415,draftkings,39506639,Xavier Gipson,1.0,2025-08-19 14:37:58
406,416,draftkings,39506641,Irvin Charles,1.0,2025-08-19 14:37:58
407,417,draftkings,39506643,Brandon Smith,1.0,2025-08-19 14:37:58
408,418,draftkings,39506645,Ontaria Wilson,1.0,2025-08-19 14:37:58
409,419,draftkings,39506647,Dymere Miller,1.0,2025-08-19 14:37:58
410,420,draftkings,39506649,Jamaal Pritchett,1.0,2025-08-19 14:37:58
411,421,draftkings,39506651,Quentin Skinner,1.0,2025-08-19 14:37:58
412,422,draftkings,39506585,Trey Palmer,1.0,2025-08-19 14:37:58
413,423,draftkings,39506587,Tez Johnson,1.0,2025-08-19 14:37:58
414,424,draftkings,39506589,Ryan Miller,1.0,2025-08-19 14:37:58
415,425,draftkings,39506591,Rakim Jarrett,1.0,2025-08-19 14:37:58
416,426,draftkings,39506593,Kameron Johnson,1.0,2025-08-19 14:37:58
417,427,draftkings,39506595,Dennis Houston,1.0,2025-08-19 14:37:58
418,428,draftkings,39506597,Garrett Greene,1.0,2025-08-19 14:37:58
419,429,draftkings,39506599,Casey Washington,1.0,2025-08-19 14:37:58
420,430,draftkings,39506601,Jamal Agnew,1.0,2025-08-19 14:37:58
421,431,draftkings,39506603,Chris Blair,1.0,2025-08-19 14:37:58
422,432,draftkings,39506605,Dylan Drummond,1.0,2025-08-19 14:37:58
423,433,draftkings,39506607,Jesse Matthews,1.0,2025-08-19 14:37:58
424,434,draftkings,39506609,David Sills V,1.0,2025-08-19 14:37:58
425,435,draftkings,39506611,Nick Nash,1.0,2025-08-19 14:37:58
426,436,draftkings,39506613,Makai Polk,1.0,2025-08-19 14:37:58
427,437,draftkings,39506615,Quincy Skinner Jr.,1.0,2025-08-19 14:37:58
428,438,draftkings,39506999,Buccaneers ,1.0,2025-08-19 14:37:58
429,439,draftkings,39506551,Dee Eskridge,1.0,2025-08-19 14:37:58
430,440,draftkings,39506553,Erik Ezukanma,1.0,2025-08-19 14:37:58
431,441,draftkings,39506555,Tahj Washington,1.0,2025-08-19 14:37:58
432,442,draftkings,39506557,Tarik Black,1.0,2025-08-19 14:37:58
433,443,draftkings,39506559,Theo Wease Jr.,1.0,2025-08-19 14:37:58
434,444,draftkings,39506561,Andrew Armstrong,1.0,2025-08-19 14:37:58
435,445,draftkings,39506563,Monaray Baldwin,1.0,2025-08-19 14:37:58
436,446,draftkings,39506565,A.J. Henning,1.0,2025-08-19 14:37:58
437,447,draftkings,39506567,Ashton Dulin,1.0,2025-08-19 14:37:58
438,448,draftkings,39506569,Anthony Gould,1.0,2025-08-19 14:37:58
439,449,draftkings,39506571,Laquon Treadwell,1.0,2025-08-19 14:37:58
440,450,draftkings,39506573,D.J. Montgomery,1.0,2025-08-19 14:37:58
441,451,draftkings,39506575,Ajou Ajou,1.0,2025-08-19 14:37:58
442,452,draftkings,39506577,Blayne Taylor,1.0,2025-08-19 14:37:58
443,453,draftkings,39506579,Landon Parker,1.0,2025-08-19 14:37:58
444,454,draftkings,39506581,Coleman Owen,1.0,2025-08-19 14:37:58
445,455,draftkings,39506583,Tyler Kahmann,1.0,2025-08-19 14:37:58
446,456,draftkings,39506323,Cedrick Wilson Jr.,1.0,2025-08-19 14:37:58
447,457,draftkings,39506325,Kevin Austin Jr.,1.0,2025-08-19 14:37:58
448,458,draftkings,39506529,Simi Fehoko,1.0,2025-08-19 14:37:58
449,459,draftkings,39506531,Xavier Weaver,1.0,2025-08-19 14:37:58
450,460,draftkings,39506533,Andre Baccellia,1.0,2025-08-19 14:37:58
451,461,draftkings,39506535,Tejhaun Palmer,1.0,2025-08-19 14:37:58
452,462,draftkings,39506537,Quez Watkins,1.0,2025-08-19 14:37:58
453,463,draftkings,39506539,Trishton Jackson,1.0,2025-08-19 14:37:58
454,464,draftkings,39506541,Bryson Green,1.0,2025-08-19 14:37:58
455,465,draftkings,39506543,Dante Pettis,1.0,2025-08-19 14:37:58
456,466,draftkings,39506545,Mason Tipton,1.0,2025-08-19 14:37:58
457,467,draftkings,39506547,Moochie Dixon,1.0,2025-08-19 14:37:58
458,468,draftkings,39506549,Chris Tyree,1.0,2025-08-19 14:37:58
459,469,draftkings,39506307,Tay Martin,1.0,2025-08-19 14:37:58
460,470,draftkings,39506497,K.J. Osborn,1.0,2025-08-19 14:37:58
461,471,draftkings,39506499,Chris Moore,1.0,2025-08-19 14:37:58
462,472,draftkings,39506501,Mike Strachan,1.0,2025-08-19 14:37:58
463,473,draftkings,39506503,Ja'Corey Brooks,1.0,2025-08-19 14:37:58
464,474,draftkings,39506505,Jacoby Jones,1.0,2025-08-19 14:37:58
465,475,draftkings,39506507,Jalin Hyatt,1.0,2025-08-19 14:37:58
466,476,draftkings,39506509,Lil'Jordan Humphrey,1.0,2025-08-19 14:37:58
467,477,draftkings,39506511,Zach Pascal,1.0,2025-08-19 14:37:58
468,478,draftkings,39506513,Ihmir Smith-Marsette,1.0,2025-08-19 14:37:58
469,479,draftkings,39506515,Bryce Ford-Wheaton,1.0,2025-08-19 14:37:58
470,480,draftkings,39506517,Montrell Washington,1.0,2025-08-19 14:37:58
471,481,draftkings,39506519,Da'Quan Felton,1.0,2025-08-19 14:37:58
472,482,draftkings,39506521,Beaux Collins,1.0,2025-08-19 14:37:58
473,483,draftkings,39506523,Juice Wells Jr.,1.0,2025-08-19 14:37:58
474,484,draftkings,39506525,Jordan Bly,1.0,2025-08-19 14:37:58
475,485,draftkings,39506527,Dalen Cambre,1.0,2025-08-19 14:37:58
476,486,draftkings,39506729,Theo Johnson,1.0,2025-08-19 14:37:58
477,487,draftkings,39506315,David Moore,1.0,2025-08-19 14:37:58
478,488,draftkings,39506465,Joshua Cephus,1.0,2025-08-19 14:37:58
479,489,draftkings,39506467,Austin Trammell,1.0,2025-08-19 14:37:58
480,490,draftkings,39506469,Trenton Irwin,1.0,2025-08-19 14:37:58
481,491,draftkings,39506471,Louis Rees-Zammit,1.0,2025-08-19 14:37:58
482,492,draftkings,39506473,Chandler Brayboy,1.0,2025-08-19 14:37:58
483,493,draftkings,39506475,Eli Pancol,1.0,2025-08-19 14:37:58
484,494,draftkings,39506477,Cam Camper,1.0,2025-08-19 14:37:58
485,495,draftkings,39506479,Dorian Singer,1.0,2025-08-19 14:37:58
486,496,draftkings,39506481,Darius Lassiter,1.0,2025-08-19 14:37:58
487,497,draftkings,39506483,J.J. Jones,1.0,2025-08-19 14:37:58
488,498,draftkings,39506485,Jimmy Horn Jr.,1.0,2025-08-19 14:37:58
489,499,draftkings,39506487,Dan Chisena,1.0,2025-08-19 14:37:58
490,500,draftkings,39506489,Brycen Tremayne,1.0,2025-08-19 14:37:58
491,501,draftkings,39506491,T.J. Luther,1.0,2025-08-19 14:37:58
492,502,draftkings,39506493,Kobe Hudson,1.0,2025-08-19 14:37:58
493,503,draftkings,39506495,Jacolby George,1.0,2025-08-19 14:37:58
494,504,draftkings,39506431,David Bell,1.0,2025-08-19 14:37:58
495,505,draftkings,39506433,Jamari Thrash,1.0,2025-08-19 14:37:58
496,506,draftkings,39506435,Michael Woods II,1.0,2025-08-19 14:37:58
497,507,draftkings,39506437,DeAndre Carter,1.0,2025-08-19 14:37:58
498,508,draftkings,39506439,Kaden Davis,1.0,2025-08-19 14:37:58
499,509,draftkings,39506441,Luke Floriea,1.0,2025-08-19 14:37:58
500,510,draftkings,39506443,Gage Larvadain,1.0,2025-08-19 14:37:58
501,511,draftkings,39506445,Kisean Johnson,1.0,2025-08-19 14:37:58
502,512,draftkings,39506447,Cade McDonald,1.0,2025-08-19 14:37:58
503,513,draftkings,39506449,Charlie Jones,1.0,2025-08-19 14:37:58
504,514,draftkings,39506451,Kendric Pryor,1.0,2025-08-19 14:37:58
505,515,draftkings,39506453,Isaiah Williams,1.0,2025-08-19 14:37:58
506,516,draftkings,39506455,Cole Burgess,1.0,2025-08-19 14:37:58
507,517,draftkings,39506457,Mitchell Tinsley,1.0,2025-08-19 14:37:58
508,518,draftkings,39506459,Rashod Owens,1.0,2025-08-19 14:37:58
509,519,draftkings,39506461,Jordan Moore,1.0,2025-08-19 14:37:58
510,520,draftkings,39506463,Jamoi Mayes,1.0,2025-08-19 14:37:58
511,521,draftkings,39506403,Chimere Dike,1.0,2025-08-19 14:37:58
512,522,draftkings,39506405,Mason Kinsey,1.0,2025-08-19 14:37:58
513,523,draftkings,39506407,James Proche II,1.0,2025-08-19 14:37:58
514,524,draftkings,39506409,Jha'Quan Jackson,1.0,2025-08-19 14:37:58
515,525,draftkings,39506411,Colton Dowell,1.0,2025-08-19 14:37:58
516,526,draftkings,39506413,Bryce Oliver,1.0,2025-08-19 14:37:58
517,527,draftkings,39506415,TJ Sheffield,1.0,2025-08-19 14:37:58
518,528,draftkings,39506417,Trent Sherfield Sr.,1.0,2025-08-19 14:37:58
519,529,draftkings,39506419,A.T. Perry,1.0,2025-08-19 14:37:58
520,530,draftkings,39506421,Michael Bandy,1.0,2025-08-19 14:37:58
521,531,draftkings,39506423,Joaquin Davis,1.0,2025-08-19 14:37:58
522,532,draftkings,39506425,Courtney Jackson,1.0,2025-08-19 14:37:58
523,533,draftkings,39506427,Jerjuan Newton,1.0,2025-08-19 14:37:58
524,534,draftkings,39506429,Kyrese Rowan,1.0,2025-08-19 14:37:58
525,535,draftkings,39506303,Equanimeous St. Brown,1.0,2025-08-19 14:37:58
526,536,draftkings,39506317,John Rhys Plumlee,1.0,2025-08-19 14:37:58
527,537,draftkings,39506373,Tory Horton,1.0,2025-08-19 14:37:58
528,538,draftkings,39506375,Jake Bobo,1.0,2025-08-19 14:37:58
529,539,draftkings,39506377,Ricky White III,1.0,2025-08-19 14:37:58
530,540,draftkings,39506379,Steven Sims,1.0,2025-08-19 14:37:58
531,541,draftkings,39506381,Dareke Young,1.0,2025-08-19 14:37:58
532,542,draftkings,39506383,Cody White,1.0,2025-08-19 14:37:58
533,543,draftkings,39506385,Tyrone Broden,1.0,2025-08-19 14:37:58
534,544,draftkings,39506387,Montorie Foster Jr.,1.0,2025-08-19 14:37:58
535,545,draftkings,39506389,Junior Bergen,1.0,2025-08-19 14:37:58
536,546,draftkings,39506393,Russell Gage Jr.,1.0,2025-08-19 14:37:58
537,547,draftkings,39506395,Terique Owens,1.0,2025-08-19 14:37:58
538,548,draftkings,39506397,Isaiah Hodgins,1.0,2025-08-19 14:37:58
539,549,draftkings,39506399,Malik Knowles,1.0,2025-08-19 14:37:58
540,550,draftkings,39506401,Trent Taylor,1.0,2025-08-19 14:37:58
541,551,draftkings,39506299,Will Sheppard,1.0,2025-08-19 14:37:58
542,552,draftkings,39506313,Malik Heath,1.0,2025-08-19 14:37:58
543,553,draftkings,39506321,Bo Melton,1.0,2025-08-19 14:37:58
544,554,draftkings,39506353,Mecole Hardman,1.0,2025-08-19 14:37:58
545,555,draftkings,39506355,Julian Hicks,1.0,2025-08-19 14:37:58
546,556,draftkings,39506357,Cornelius Johnson,1.0,2025-08-19 14:37:58
547,557,draftkings,39506359,Sam Brown Jr.,1.0,2025-08-19 14:37:58
548,558,draftkings,39506361,Dominic Lovett,1.0,2025-08-19 14:37:58
549,559,draftkings,39506363,Tom Kennedy,1.0,2025-08-19 14:37:58
550,560,draftkings,39506365,Ronnie Bell,1.0,2025-08-19 14:37:58
551,561,draftkings,39506367,Malik Taylor,1.0,2025-08-19 14:37:58
552,562,draftkings,39506369,Jackson Meeks,1.0,2025-08-19 14:37:58
553,563,draftkings,39506371,Jakobie Keeney-James,1.0,2025-08-19 14:37:58
554,564,draftkings,39506319,Xavier Hutchinson,1.0,2025-08-19 14:37:58
555,565,draftkings,39506327,Konata Mumpfield,1.0,2025-08-19 14:37:58
556,566,draftkings,39506329,Xavier Smith,1.0,2025-08-19 14:37:59
557,567,draftkings,39506331,Britain Covey,1.0,2025-08-19 14:37:59
558,568,draftkings,39506333,Tru Edwards,1.0,2025-08-19 14:37:59
559,569,draftkings,39506335,Brennan Presley,1.0,2025-08-19 14:37:59
560,570,draftkings,39506337,Mario Williams,1.0,2025-08-19 14:37:59
561,571,draftkings,39506339,Drake Stoops,1.0,2025-08-19 14:37:59
562,572,draftkings,39506341,Justin Watson,1.0,2025-08-19 14:37:59
563,573,draftkings,39506343,Braxton Berrios,1.0,2025-08-19 14:37:59
564,574,draftkings,39506345,Jared Wayne,1.0,2025-08-19 14:37:59
565,575,draftkings,39506347,Johnny Johnson III,1.0,2025-08-19 14:37:59
566,576,draftkings,39506349,Xavier Johnson,1.0,2025-08-19 14:37:59
567,577,draftkings,39506351,Daniel Jackson,1.0,2025-08-19 14:37:59
568,578,draftkings,39506731,Austin Hooper,1.0,2025-08-19 14:37:59
569,579,draftkings,39506733,Ja'Tavion Sanders,1.0,2025-08-19 14:37:59
570,580,draftkings,39507000,49ers ,1.0,2025-08-19 14:37:59
571,581,draftkings,39507001,Packers ,1.0,2025-08-19 14:37:59
572,582,draftkings,39507003,Jets ,1.0,2025-08-19 14:37:59
573,583,draftkings,39507002,Colts ,1.0,2025-08-19 14:37:59
574,584,draftkings,39506739,Adam Trautman,1.0,2025-08-19 14:37:59
575,585,draftkings,39506735,AJ Barner,1.0,2025-08-19 14:37:59
576,586,draftkings,39506737,Luke Musgrave,1.0,2025-08-19 14:37:59
577,587,draftkings,39506745,Julian Hill,1.0,2025-08-19 14:37:59
578,588,draftkings,39507004,Dolphins ,1.0,2025-08-19 14:37:59
579,589,draftkings,39506741,Foster Moreau,1.0,2025-08-19 14:37:59
580,590,draftkings,39506743,Elijah Arroyo,1.0,2025-08-19 14:37:59
581,591,draftkings,39507005,Lions ,1.0,2025-08-19 14:37:59
582,592,draftkings,39507006,Raiders ,1.0,2025-08-19 14:37:59
583,593,draftkings,39506747,Payne Durham,1.0,2025-08-19 14:37:59
584,594,draftkings,39507007,Falcons ,1.0,2025-08-19 14:37:59
585,595,draftkings,39506751,Gunnar Helm,1.0,2025-08-19 14:37:59
586,596,draftkings,39506749,Cade Stover,1.0,2025-08-19 14:37:59
587,597,draftkings,39506811,Mason Pline,1.0,2025-08-19 14:37:59
588,598,draftkings,39506935,Albert Okwuegbunam Jr.,1.0,2025-08-19 14:37:59
589,599,draftkings,39506973,Jaheim Bell,1.0,2025-08-19 14:37:59
590,600,draftkings,39506975,Jack Westover,1.0,2025-08-19 14:37:59
591,601,draftkings,39506977,CJ Dippre,1.0,2025-08-19 14:37:59
592,602,draftkings,39506979,Gee Scott Jr.,1.0,2025-08-19 14:37:59
593,603,draftkings,39506981,Ian Thomas,1.0,2025-08-19 14:37:59
594,604,draftkings,39506983,Justin Shorter,1.0,2025-08-19 14:37:59
595,605,draftkings,39506985,Qadir Ismail,1.0,2025-08-19 14:37:59
596,606,draftkings,39506987,Carter Runyon,1.0,2025-08-19 14:37:59
597,607,draftkings,39506989,Pat Conroy,1.0,2025-08-19 14:37:59
598,608,draftkings,39506759,Stone Smartt,1.0,2025-08-19 14:37:59
599,609,draftkings,39506957,Darnell Washington,1.0,2025-08-19 14:37:59
600,610,draftkings,39506959,Connor Heyward,1.0,2025-08-19 14:37:59
601,611,draftkings,39506961,JJ Galbreath,1.0,2025-08-19 14:37:59
602,612,draftkings,39506963,Donald Parham Jr.,1.0,2025-08-19 14:37:59
603,613,draftkings,39506965,DJ Thomas-Jones,1.0,2025-08-19 14:37:59
604,614,draftkings,39506967,Jeremy Ruckert,1.0,2025-08-19 14:37:59
605,615,draftkings,39506969,Zack Kuntz,1.0,2025-08-19 14:37:59
606,616,draftkings,39506971,Neal Johnson,1.0,2025-08-19 14:37:59
607,617,draftkings,39506765,Devin Culp,1.0,2025-08-19 14:37:59
608,618,draftkings,39506941,Ko Kieft,1.0,2025-08-19 14:37:59
609,619,draftkings,39506943,Tanner Taula,1.0,2025-08-19 14:37:59
610,620,draftkings,39506945,Evan Deckers,1.0,2025-08-19 14:37:59
611,621,draftkings,39506947,Charlie Woerner,1.0,2025-08-19 14:37:59
612,622,draftkings,39506949,Feleipe Franks,1.0,2025-08-19 14:37:59
613,623,draftkings,39506951,Teagan Quitoriano,1.0,2025-08-19 14:37:59
614,624,draftkings,39506953,Nikola Kalinic,1.0,2025-08-19 14:37:59
615,625,draftkings,39506955,Joshua Simon,1.0,2025-08-19 14:37:59
616,626,draftkings,39506919,Pharaoh Brown,1.0,2025-08-19 14:37:59
617,627,draftkings,39506921,Tanner Conner,1.0,2025-08-19 14:37:59
618,628,draftkings,39506923,Hayden Rucci,1.0,2025-08-19 14:37:59
619,629,draftkings,39506925,Jalin Conyers,1.0,2025-08-19 14:37:59
620,630,draftkings,39506927,Mo Alie-Cox,1.0,2025-08-19 14:37:59
621,631,draftkings,39506929,Drew Ogletree,1.0,2025-08-19 14:37:59
622,632,draftkings,39506931,Jelani Woods,1.0,2025-08-19 14:37:59
623,633,draftkings,39506933,Will Mallory,1.0,2025-08-19 14:37:59
624,634,draftkings,39506937,Sean McKeon,1.0,2025-08-19 14:37:59
625,635,draftkings,39506939,Maximilian Mang,1.0,2025-08-19 14:37:59
626,636,draftkings,39506897,Tip Reiman,1.0,2025-08-19 14:37:59
627,637,draftkings,39506899,Elijah Higgins,1.0,2025-08-19 14:37:59
628,638,draftkings,39506901,Josiah Deguara,1.0,2025-08-19 14:37:59
629,639,draftkings,39506903,Travis Vokolek,1.0,2025-08-19 14:37:59
630,640,draftkings,39506905,Oscar Cardenas,1.0,2025-08-19 14:37:59
631,641,draftkings,39506907,Jack Stoll,1.0,2025-08-19 14:37:59
632,642,draftkings,39506909,Moliki Matavao,1.0,2025-08-19 14:37:59
633,643,draftkings,39506911,Michael Jacobson,1.0,2025-08-19 14:37:59
634,644,draftkings,39506913,Seth Green,1.0,2025-08-19 14:37:59
635,645,draftkings,39506915,Treyton Welch,1.0,2025-08-19 14:37:59
636,646,draftkings,39506917,Zach Wood,1.0,2025-08-19 14:37:59
637,647,draftkings,39506873,John Bates,1.0,2025-08-19 14:37:59
638,648,draftkings,39506875,Ben Sinnott,1.0,2025-08-19 14:37:59
639,649,draftkings,39506877,Colson Yankoff,1.0,2025-08-19 14:37:59
640,650,draftkings,39506879,Tyree Jackson,1.0,2025-08-19 14:37:59
641,651,draftkings,39506881,Lawrence Cager,1.0,2025-08-19 14:37:59
642,652,draftkings,39506883,Cole Turner,1.0,2025-08-19 14:37:59
643,653,draftkings,39506885,Tyler Ott,1.0,2025-08-19 14:37:59
644,654,draftkings,39506887,Daniel Bellinger,1.0,2025-08-19 14:37:59
645,655,draftkings,39506889,Chris Manhertz,1.0,2025-08-19 14:37:59
646,656,draftkings,39506891,Greg Dulcich,1.0,2025-08-19 14:37:59
647,657,draftkings,39506893,Thomas Fidone II,1.0,2025-08-19 14:37:59
648,658,draftkings,39506895,Jermaine Terry II,1.0,2025-08-19 14:37:59
649,659,draftkings,39506753,Tyler Mabry,1.0,2025-08-19 14:37:59
650,660,draftkings,39506757,Tommy Tremble,1.0,2025-08-19 14:37:59
651,661,draftkings,39506763,Hunter Long,1.0,2025-08-19 14:37:59
652,662,draftkings,39506855,Johnny Mundt,1.0,2025-08-19 14:37:59
653,663,draftkings,39506857,Quintin Morris,1.0,2025-08-19 14:37:59
654,664,draftkings,39506859,Shawn Bowman,1.0,2025-08-19 14:37:59
655,665,draftkings,39506861,Patrick Herbert,1.0,2025-08-19 14:37:59
656,666,draftkings,39506863,John Copenhaver,1.0,2025-08-19 14:37:59
657,667,draftkings,39506865,Mitchell Evans,1.0,2025-08-19 14:37:59
658,668,draftkings,39506867,Dominique Dafney,1.0,2025-08-19 14:37:59
659,669,draftkings,39506869,James Mitchell,1.0,2025-08-19 14:37:59
660,670,draftkings,39506871,Bryce Pierre,1.0,2025-08-19 14:37:59
661,671,draftkings,39506831,Blake Whiteheart,1.0,2025-08-19 14:37:59
662,672,draftkings,39506833,Brenden Bates,1.0,2025-08-19 14:37:59
663,673,draftkings,39506835,Sal Cannella,1.0,2025-08-19 14:37:59
664,674,draftkings,39506837,Brent Matiscik,1.0,2025-08-19 14:37:59
665,675,draftkings,39506839,Drew Sample,1.0,2025-08-19 14:37:59
666,676,draftkings,39506841,Erick All Jr.,1.0,2025-08-19 14:37:59
667,677,draftkings,39506843,Tanner Hudson,1.0,2025-08-19 14:37:59
668,678,draftkings,39506845,Tanner McLachlan,1.0,2025-08-19 14:37:59
669,679,draftkings,39506847,Cam Grandy,1.0,2025-08-19 14:37:59
670,680,draftkings,39506849,Kole Taylor,1.0,2025-08-19 14:37:59
671,681,draftkings,39506851,William Wagner,1.0,2025-08-19 14:37:59
672,682,draftkings,39506853,Cal Adomitis,1.0,2025-08-19 14:37:59
673,683,draftkings,39506813,Josh Whyle,1.0,2025-08-19 14:37:59
674,684,draftkings,39506815,David Martin-Robinson,1.0,2025-08-19 14:37:59
675,685,draftkings,39506817,Thomas Odukoya,1.0,2025-08-19 14:37:59
676,686,draftkings,39506819,Drake Dabney,1.0,2025-08-19 14:37:59
677,687,draftkings,39506821,Lucas Krull,1.0,2025-08-19 14:37:59
678,688,draftkings,39506823,Nate Adkins,1.0,2025-08-19 14:37:59
679,689,draftkings,39506825,Caleb Lohner,1.0,2025-08-19 14:37:59
680,690,draftkings,39506827,Caden Prieskorn,1.0,2025-08-19 14:37:59
681,691,draftkings,39506829,Mitchell Fraboni,1.0,2025-08-19 14:37:59
682,692,draftkings,39506797,Eric Saubert,1.0,2025-08-19 14:37:59
683,693,draftkings,39506799,Nick Kallerup,1.0,2025-08-19 14:37:59
684,694,draftkings,39506801,Marshall Lang,1.0,2025-08-19 14:37:59
685,695,draftkings,39506803,Luke Farrell,1.0,2025-08-19 14:37:59
686,696,draftkings,39506805,Ross Dwelley,1.0,2025-08-19 14:37:59
687,697,draftkings,39506807,Brayden Willis,1.0,2025-08-19 14:37:59
688,698,draftkings,39506809,Jake Tonges,1.0,2025-08-19 14:37:59
689,699,draftkings,39507008,Seahawks ,1.0,2025-08-19 14:37:59
690,700,draftkings,39506779,Ben Sims,1.0,2025-08-19 14:37:59
691,701,draftkings,39506781,John FitzPatrick,1.0,2025-08-19 14:37:59
692,702,draftkings,39506783,Messiah Swinson,1.0,2025-08-19 14:37:59
693,703,draftkings,39506785,Johnny Lumpkin,1.0,2025-08-19 14:37:59
694,704,draftkings,39506787,Brock Wright,1.0,2025-08-19 14:37:59
695,705,draftkings,39506789,Kenny Yeboah,1.0,2025-08-19 14:37:59
696,706,draftkings,39506791,Shane Zylstra,1.0,2025-08-19 14:37:59
697,707,draftkings,39506793,Luke Deal,1.0,2025-08-19 14:37:59
698,708,draftkings,39506795,Zach Horton,1.0,2025-08-19 14:37:59
699,709,draftkings,39506755,Colby Parkinson,1.0,2025-08-19 14:37:59
700,710,draftkings,39506761,Davis Allen,1.0,2025-08-19 14:37:59
701,711,draftkings,39506767,Mark Redman,1.0,2025-08-19 14:38:00
702,712,draftkings,39506769,Anthony Torres,1.0,2025-08-19 14:38:00
703,713,draftkings,39506771,Brevin Jordan,1.0,2025-08-19 14:38:00
704,714,draftkings,39506773,Luke Lachey,1.0,2025-08-19 14:38:00
705,715,draftkings,39506775,Irv Smith Jr.,1.0,2025-08-19 14:38:00
706,716,draftkings,39506777,Jakob Johnson,1.0,2025-08-19 14:38:00
707,717,draftkings,39507009,Texans ,1.0,2025-08-19 14:38:00
708,718,draftkings,39507010,Saints ,1.0,2025-08-19 14:38:00
709,719,draftkings,39507011,Panthers ,1.0,2025-08-19 14:38:00
710,720,draftkings,39507013,Giants ,1.0,2025-08-19 14:38:00
711,721,draftkings,39507012,Browns ,1.0,2025-08-19 14:38:00
712,722,draftkings,39507014,Titans ,1.0,2025-08-19 14:38:00
713,723,draftkings,39505689,Joe Burrow,1.0,2025-08-19 15:00:00
714,724,draftkings,39505777,Bijan Robinson,1.0,2025-08-19 15:00:00
715,725,draftkings,39505779,Jahmyr Gibbs,1.0,2025-08-19 15:00:00
716,726,draftkings,39505781,Christian McCaffrey,1.0,2025-08-19 15:00:00
717,727,draftkings,39506085,Ja'Marr Chase,1.0,2025-08-19 15:00:00
718,728,draftkings,39506087,Puka Nacua,1.0,2025-08-19 15:00:00
719,729,draftkings,39506089,Nico Collins,1.0,2025-08-19 15:00:00
720,730,draftkings,39506097,Tyreek Hill,1.0,2025-08-19 15:00:00
